946684802, 2000/1/1 0:0:2,0.14,-0.22,0.14,-0.86,-1.10,10.00
946684802, 2000/1/1 0:0:2,0.35,-0.22,-0.15,2.71,19.50,11.10
946684802, 2000/1/1 0:0:2,0.60,-0.12,-0.54,-1.57,-0.12,11.61
946684802, 2000/1/1 0:0:2,0.22,-0.19,0.02,-1.10,-4.43,16.79
946684802, 2000/1/1 0:0:2,0.06,-0.20,0.23,2.00,-4.16,8.94
946684802, 2000/1/1 0:0:2,0.20,-0.08,0.10,-0.08,-2.31,9.77
946684802, 2000/1/1 0:0:2,0.38,0.04,-0.09,-1.33,-1.88,11.53
946684802, 2000/1/1 0:0:2,0.23,-0.06,-0.05,-2.00,-0.98,10.67
946684802, 2000/1/1 0:0:2,0.41,-0.17,0.01,-1.77,0.04,9.34
946684802, 2000/1/1 0:0:2,0.27,-0.18,0.00,-1.14,0.12,9.45
946684802, 2000/1/1 0:0:2,0.01,-0.17,0.04,-0.71,-0.31,9.77
946684802, 2000/1/1 0:0:2,-0.21,-0.15,0.07,-0.94,-0.67,10.20
946684802, 2000/1/1 0:0:2,-0.11,-0.17,0.03,-0.43,-1.06,10.79
946684802, 2000/1/1 0:0:2,0.03,-0.16,0.00,-0.75,-1.49,9.92
946684802, 2000/1/1 0:0:2,0.05,-0.15,-0.01,-0.82,-0.86,9.96
946684802, 2000/1/1 0:0:2,0.05,-0.15,-0.02,-0.82,-0.86,9.89
946684802, 2000/1/1 0:0:2,0.04,-0.15,-0.05,-1.14,-0.98,9.85
946684802, 2000/1/1 0:0:2,0.04,-0.14,-0.05,-0.67,-0.71,10.00
946684802, 2000/1/1 0:0:2,0.01,-0.14,0.04,-0.55,-0.82,10.08
946684802, 2000/1/1 0:0:2,-0.04,-0.15,0.08,-0.75,-1.10,9.85
946684802, 2000/1/1 0:0:2,-0.07,-0.13,0.08,-0.94,-1.26,9.85
946684802, 2000/1/1 0:0:2,-0.05,-0.13,-0.02,-0.86,-0.90,9.92
946684802, 2000/1/1 0:0:2,-0.05,-0.16,-0.13,-1.14,-0.75,9.85
946684802, 2000/1/1 0:0:2,-0.08,-0.11,-0.05,-0.24,-0.98,10.16
946684802, 2000/1/1 0:0:2,-0.16,-0.01,-0.05,-0.78,-0.90,10.00
946684802, 2000/1/1 0:0:2,-0.24,0.15,-0.13,-3.02,-0.27,10.51
946684802, 2000/1/1 0:0:2,-0.27,0.16,-0.20,-1.49,-1.22,10.55
946684802, 2000/1/1 0:0:2,0.07,-0.10,-0.48,-12.87,-13.61,20.01
946684802, 2000/1/1 0:0:2,-0.37,-0.02,-0.18,-4.79,3.26,13.77
946684802, 2000/1/1 0:0:2,-0.44,-0.20,-0.14,-0.24,-1.65,10.43
946684802, 2000/1/1 0:0:2,-0.30,-0.29,-0.02,-1.29,-2.04,10.08
946684802, 2000/1/1 0:0:2,-0.06,-0.27,-0.28,-1.02,-1.14,9.22
946684802, 2000/1/1 0:0:2,-0.06,-0.04,-0.25,-0.39,-1.49,9.81
946684802, 2000/1/1 0:0:2,0.15,-0.01,-0.18,-0.24,-1.61,10.32
946684802, 2000/1/1 0:0:2,0.34,-0.44,-0.30,-1.14,-1.37,9.41
946684802, 2000/1/1 0:0:2,0.08,-0.71,-0.45,-0.51,-1.88,10.20
946684802, 2000/1/1 0:0:2,0.10,-0.85,-0.56,-1.53,-1.26,9.69
946684802, 2000/1/1 0:0:2,0.32,-0.43,0.07,-0.12,-0.63,8.71
946684802, 2000/1/1 0:0:2,0.10,-0.39,0.13,1.57,-1.84,10.12
946684802, 2000/1/1 0:0:2,-0.12,-0.61,0.08,-0.39,-1.02,9.34
946684802, 2000/1/1 0:0:2,0.32,-0.37,-0.29,-2.31,0.90,8.08
946684802, 2000/1/1 0:0:2,0.40,-0.10,-0.38,1.06,0.78,8.16
946684802, 2000/1/1 0:0:2,0.15,-0.34,-0.68,-0.12,-1.77,11.53
946684802, 2000/1/1 0:0:2,0.09,-0.80,-1.02,-1.14,-1.41,10.63
946684802, 2000/1/1 0:0:2,0.09,-1.24,-1.09,-1.49,-1.18,9.26
946684802, 2000/1/1 0:0:2,-0.08,-0.85,-0.75,-0.78,-1.02,8.87
946684802, 2000/1/1 0:0:2,-0.29,0.12,0.09,0.16,-1.29,9.89
946684802, 2000/1/1 0:0:2,-0.35,0.32,0.05,-0.24,-1.65,10.59
946684802, 2000/1/1 0:0:2,0.01,0.27,0.07,0.43,-2.04,9.65
946684802, 2000/1/1 0:0:2,-0.19,-0.42,-0.14,0.63,-1.33,9.77
946684802, 2000/1/1 0:0:2,-0.64,-0.89,-0.36,0.75,-2.08,10.67
946684802, 2000/1/1 0:0:2,-0.67,-0.97,-0.60,-0.31,-1.77,9.14
946684802, 2000/1/1 0:0:2,-0.52,0.18,-0.03,1.61,-1.29,8.79
946684802, 2000/1/1 0:0:2,-0.36,0.38,0.02,1.80,-2.04,9.45
946684802, 2000/1/1 0:0:2,-0.22,0.03,-0.11,0.43,-2.63,9.49
946684802, 2000/1/1 0:0:2,-0.31,-0.35,-0.20,0.47,-2.55,9.57
946684802, 2000/1/1 0:0:2,-0.32,-0.37,-0.34,0.04,-2.47,9.38
946684802, 2000/1/1 0:0:2,-0.38,-0.12,-0.31,-0.16,-2.51,9.38
946684802, 2000/1/1 0:0:2,-0.40,-0.03,-0.20,-0.04,-2.94,9.53
946684802, 2000/1/1 0:0:2,-0.33,-0.03,0.03,1.14,-2.79,10.71
946684802, 2000/1/1 0:0:2,-0.34,-0.07,-0.03,-0.24,-2.86,11.22
946684802, 2000/1/1 0:0:2,-0.75,-0.07,-0.21,-0.43,-2.71,11.02
946684802, 2000/1/1 0:0:2,-1.17,0.30,-0.14,0.31,-3.22,11.14
946684802, 2000/1/1 0:0:2,-1.09,0.36,0.19,-0.27,-3.57,10.16
946684802, 2000/1/1 0:0:2,-1.16,-0.06,0.40,0.51,-2.67,8.75
946684802, 2000/1/1 0:0:2,-1.72,-0.81,0.17,3.10,-4.24,9.69
946684802, 2000/1/1 0:0:2,-1.85,-1.32,-0.28,2.12,-5.22,10.83
946684802, 2000/1/1 0:0:2,-1.65,-2.09,-0.94,1.45,-4.98,8.63
946684802, 2000/1/1 0:0:2,-1.07,-2.59,-0.89,2.79,-3.49,6.98
946684802, 2000/1/1 0:0:2,-0.84,-2.46,-0.56,1.02,-4.16,6.71
946684802, 2000/1/1 0:0:2,-1.35,-2.71,-0.82,2.63,-4.24,8.00
946684802, 2000/1/1 0:0:2,-1.42,-2.66,-0.52,3.73,-4.75,6.71
946684802, 2000/1/1 0:0:2,-1.67,-2.94,-0.62,3.84,-4.47,6.63
946684802, 2000/1/1 0:0:2,-1.70,-2.64,-0.80,9.06,-4.51,8.16
946684802, 2000/1/1 0:0:2,-2.46,-1.61,-0.71,4.39,-7.30,8.00
946684802, 2000/1/1 0:0:2,-1.56,-1.77,-1.09,5.73,-7.02,7.53
946684802, 2000/1/1 0:0:2,0.11,-1.15,-0.85,6.16,-6.39,4.82
946684802, 2000/1/1 0:0:2,-0.24,-0.47,-0.52,6.90,-6.47,5.61
946684802, 2000/1/1 0:0:2,-0.63,0.16,-0.54,5.81,-5.84,5.49
946684802, 2000/1/1 0:0:2,-0.39,0.36,-0.69,5.26,-5.65,4.90
946684802, 2000/1/1 0:0:2,-0.24,0.83,-0.28,3.57,-0.82,10.59
946684802, 2000/1/1 0:0:2,-1.77,1.99,0.01,5.92,9.96,-13.57
946684802, 2000/1/1 0:0:2,-0.85,3.28,-0.35,3.18,-8.08,7.26
946684802, 2000/1/1 0:0:2,0.22,1.83,-0.04,4.75,-5.37,6.71
946684802, 2000/1/1 0:0:2,0.78,1.36,0.36,6.94,-5.22,6.08
946684802, 2000/1/1 0:0:2,0.57,2.68,0.60,2.86,-3.37,4.20
946684802, 2000/1/1 0:0:2,-0.14,4.32,-0.49,3.02,-4.67,3.14
946684802, 2000/1/1 0:0:2,-1.47,3.05,-1.43,3.49,-9.49,11.85
946684802, 2000/1/1 0:0:2,-0.08,-0.05,-2.04,0.98,-2.90,4.82
946684802, 2000/1/1 0:0:2,0.97,-0.71,-2.04,0.51,4.20,-2.12
946684802, 2000/1/1 0:0:2,0.63,-1.10,-1.31,3.06,-6.75,7.57
946684802, 2000/1/1 0:0:2,0.55,-0.06,-1.38,10.28,-14.87,18.63
946684802, 2000/1/1 0:0:2,0.11,-0.25,-1.32,3.80,-0.35,0.16
946684802, 2000/1/1 0:0:2,0.44,-0.34,-1.37,4.71,-3.77,5.02
946684802, 2000/1/1 0:0:2,0.40,0.04,-1.64,5.06,-0.51,5.61
946684802, 2000/1/1 0:0:2,-0.12,0.67,-1.89,3.57,-3.65,5.88
946684802, 2000/1/1 0:0:2,-0.73,1.05,-1.72,4.79,-4.86,8.39
946684802, 2000/1/1 0:0:2,-0.63,1.32,-1.21,5.84,-4.47,8.94
946684802, 2000/1/1 0:0:2,-0.11,1.60,-1.58,4.43,-4.08,8.20
946684802, 2000/1/1 0:0:2,-0.19,2.05,-1.49,3.14,-4.28,6.55
946684802, 2000/1/1 0:0:2,-0.53,2.45,-1.27,3.65,-3.92,9.26
946684802, 2000/1/1 0:0:2,-0.06,1.63,-1.36,2.67,-3.92,9.18
946684802, 2000/1/1 0:0:2,0.27,1.93,-1.37,0.78,-5.06,9.38
946684802, 2000/1/1 0:0:2,-0.06,1.90,-1.40,1.65,-2.04,7.34
946684802, 2000/1/1 0:0:2,-0.14,2.24,-1.00,3.14,-1.26,8.98
946684802, 2000/1/1 0:0:2,-0.15,1.99,-0.60,3.77,-4.12,10.47
946684802, 2000/1/1 0:0:2,0.17,1.22,-1.27,2.47,-4.43,9.73
946684802, 2000/1/1 0:0:2,0.22,1.22,-1.36,1.45,-1.26,7.61
946684802, 2000/1/1 0:0:2,-0.11,1.77,-0.54,3.14,-3.10,8.94
946684802, 2000/1/1 0:0:2,-0.14,2.05,-0.20,2.86,-3.18,9.96
946684802, 2000/1/1 0:0:2,-0.12,1.45,-0.49,0.94,-4.31,11.22
946684802, 2000/1/1 0:0:2,0.37,0.97,-0.62,-1.77,-5.06,9.89
946684802, 2000/1/1 0:0:2,0.09,0.75,-1.09,6.47,-9.10,13.26
946684802, 2000/1/1 0:0:2,0.38,0.46,-1.46,0.20,-0.71,5.88
946684802, 2000/1/1 0:0:2,0.45,0.55,-1.19,-6.83,-3.61,18.99
946684802, 2000/1/1 0:0:2,0.74,-0.04,-1.15,3.06,-6.86,10.67
946684802, 2000/1/1 0:0:2,0.98,0.25,-1.64,3.61,-5.14,10.55
946684802, 2000/1/1 0:0:2,0.69,0.67,-1.51,1.45,-3.53,9.45
946684802, 2000/1/1 0:0:2,0.65,0.68,-1.50,3.37,-4.24,9.30
946684802, 2000/1/1 0:0:2,0.50,0.53,-1.56,4.55,-5.41,9.81
946684802, 2000/1/1 0:0:2,0.51,0.52,-1.84,2.31,-3.84,10.40
946684802, 2000/1/1 0:0:2,1.35,1.07,-1.49,0.31,-4.55,9.61
946684802, 2000/1/1 0:0:2,1.32,1.45,-0.75,1.14,-2.98,9.02
946684802, 2000/1/1 0:0:2,1.77,1.02,-1.10,0.00,-0.94,11.89
946684802, 2000/1/1 0:0:2,1.34,0.62,-1.70,-0.98,1.06,10.36
946684802, 2000/1/1 0:0:2,0.27,0.79,-1.81,-1.57,-0.94,11.22
946684802, 2000/1/1 0:0:2,-0.08,0.74,-1.93,-1.06,-2.47,11.81
946684802, 2000/1/1 0:0:2,0.63,0.90,-1.54,-1.33,-3.06,8.71
946684802, 2000/1/1 0:0:2,0.70,0.85,-1.10,-1.96,-2.86,9.49
946684802, 2000/1/1 0:0:2,0.62,0.44,-0.94,-3.14,-0.63,7.77
946684802, 2000/1/1 0:0:2,0.15,-0.16,-0.75,-2.75,-0.43,6.55
946684802, 2000/1/1 0:0:2,-0.72,-0.74,-0.36,-1.49,-1.14,6.63
946684802, 2000/1/1 0:0:2,-1.56,-1.21,-0.35,-2.04,-1.92,8.12
946684802, 2000/1/1 0:0:2,-1.77,-1.36,0.46,0.24,-1.18,11.34
946684802, 2000/1/1 0:0:2,-1.66,-1.27,0.87,6.94,-5.22,10.51
946684802, 2000/1/1 0:0:2,0.13,-1.32,-1.00,-0.71,-0.86,8.16
946684802, 2000/1/1 0:0:2,-0.70,-1.26,-1.35,0.04,0.35,8.79
946684802, 2000/1/1 0:0:2,-0.86,-1.97,-0.89,2.00,-1.80,7.77
946684802, 2000/1/1 0:0:2,-2.05,-1.85,-0.93,4.94,3.57,10.08
946684802, 2000/1/1 0:0:2,-1.80,-1.61,-1.47,1.18,-1.65,4.24
946684802, 2000/1/1 0:0:2,0.65,-1.26,-1.53,-0.04,-3.61,10.71
946684802, 2000/1/1 0:0:2,0.15,-1.53,-1.46,0.04,-2.35,8.08
946684802, 2000/1/1 0:0:2,0.03,-1.13,-0.76,2.31,-2.59,3.49
946684802, 2000/1/1 0:0:2,-1.28,2.08,0.15,1.96,-4.82,13.18
946684802, 2000/1/1 0:0:2,-1.89,-0.30,-0.15,4.35,-4.79,16.24
946684802, 2000/1/1 0:0:2,0.57,-0.21,-1.19,-0.24,-3.22,8.59
946684802, 2000/1/1 0:0:2,1.19,0.03,-0.77,2.16,-2.75,5.18
946684802, 2000/1/1 0:0:2,0.03,1.74,-0.48,1.77,-3.61,5.88
946684802, 2000/1/1 0:0:2,-1.56,2.86,-1.04,0.27,-3.92,11.14
946684802, 2000/1/1 0:0:2,-0.82,1.51,-1.14,0.47,-3.69,6.20
946684802, 2000/1/1 0:0:2,0.16,1.72,-0.67,1.88,-2.47,6.75
946684802, 2000/1/1 0:0:2,-0.16,2.43,-0.55,-0.16,-3.18,8.79
946684802, 2000/1/1 0:0:2,0.09,2.05,-0.56,-5.10,-1.49,8.00
946684802, 2000/1/1 0:0:2,0.59,0.35,-0.51,-0.63,-3.41,9.69
946684802, 2000/1/1 0:0:2,0.69,0.45,-0.66,0.08,-3.37,10.67
946684802, 2000/1/1 0:0:2,0.75,0.58,-0.89,-2.20,-3.65,11.06
946684802, 2000/1/1 0:0:2,1.27,0.37,-0.98,-1.22,-1.10,13.06
946684802, 2000/1/1 0:0:2,1.15,0.19,-1.12,-0.51,0.51,10.08
946684802, 2000/1/1 0:0:2,0.77,0.57,-1.04,-2.35,-0.98,13.49
946684802, 2000/1/1 0:0:2,0.87,-0.14,-0.69,-0.20,-2.12,12.08
946684802, 2000/1/1 0:0:2,0.65,-0.29,-1.02,-0.27,-1.96,11.89
946684802, 2000/1/1 0:0:2,0.76,0.02,-1.18,-1.57,-1.65,11.96
946684802, 2000/1/1 0:0:2,1.23,-0.29,-0.85,-1.96,-1.57,13.49
946684802, 2000/1/1 0:0:2,2.07,-0.44,-0.23,-0.08,-1.26,12.43
946684802, 2000/1/1 0:0:2,1.91,-0.54,-0.59,-0.59,0.31,10.08
946684802, 2000/1/1 0:0:2,0.47,-0.25,-0.88,-2.04,0.31,7.61
946684802, 2000/1/1 0:0:2,-0.22,0.51,-0.28,-3.49,-2.16,10.24
946684802, 2000/1/1 0:0:2,-0.44,0.31,0.22,-2.90,-1.33,11.96
946684802, 2000/1/1 0:0:2,-0.39,-0.38,0.51,-1.10,-0.24,13.14
946684802, 2000/1/1 0:0:2,-0.39,-0.69,0.35,0.04,-2.00,11.22
946684802, 2000/1/1 0:0:2,0.00,-1.09,-0.07,1.29,0.08,7.65
946684802, 2000/1/1 0:0:2,-0.08,-1.00,-0.34,-2.86,0.24,12.12
946684802, 2000/1/1 0:0:2,-0.16,-0.71,-0.71,-2.28,-0.04,11.65
946684802, 2000/1/1 0:0:2,0.60,-1.61,-0.28,1.73,0.20,9.26
946684802, 2000/1/1 0:0:2,0.48,-1.19,-0.24,0.82,-1.33,9.02
946684802, 2000/1/1 0:0:2,0.53,-0.13,-0.34,-0.08,-0.47,10.04
946684802, 2000/1/1 0:0:2,0.63,-0.01,-0.06,-0.08,-0.75,9.81
946684802, 2000/1/1 0:0:2,0.76,0.03,0.27,-1.26,0.27,9.41
946684802, 2000/1/1 0:0:2,0.23,-0.22,0.36,-0.78,1.26,7.77
946684802, 2000/1/1 0:0:2,0.10,-0.27,0.18,0.47,-3.65,7.69
946684802, 2000/1/1 0:0:2,1.05,0.21,-0.56,-0.47,-0.27,9.65
946684802, 2000/1/1 0:0:2,1.39,0.08,-0.44,1.53,1.22,8.98
946684802, 2000/1/1 0:0:2,1.09,0.46,-0.01,0.31,0.55,9.14
946684802, 2000/1/1 0:0:2,0.24,0.77,-0.53,-0.35,-0.16,8.28
946684802, 2000/1/1 0:0:2,-0.47,0.54,-0.73,-1.41,-0.39,8.36
946684802, 2000/1/1 0:0:2,0.05,0.30,-0.66,1.69,1.29,8.32
946684802, 2000/1/1 0:0:2,-0.02,0.92,-0.28,-0.31,1.41,10.71
946684802, 2000/1/1 0:0:2,-0.50,0.80,-0.27,-0.71,-0.27,10.40
946684802, 2000/1/1 0:0:2,-0.40,-0.02,-0.61,0.00,0.47,9.14
946684802, 2000/1/1 0:0:2,-0.15,-0.36,-0.75,0.78,1.57,8.39
946684802, 2000/1/1 0:0:2,-0.25,-0.29,-0.61,0.20,-0.04,8.94
946684802, 2000/1/1 0:0:2,0.05,-0.09,-0.75,0.59,1.96,7.77
946684802, 2000/1/1 0:0:2,-0.04,0.20,-0.48,1.10,0.67,8.71
946684802, 2000/1/1 0:0:2,-0.11,0.32,-0.42,0.24,0.51,10.43
946684802, 2000/1/1 0:0:2,-0.58,-0.31,-0.34,0.04,1.84,11.96
946684802, 2000/1/1 0:0:2,-0.37,-0.52,-0.33,1.18,-0.43,9.57
946684802, 2000/1/1 0:0:2,-0.12,-0.47,-0.29,1.06,-0.24,9.77
946684802, 2000/1/1 0:0:2,0.02,-0.14,-0.00,0.24,-0.31,9.96
946684802, 2000/1/1 0:0:2,0.08,-0.23,0.10,0.47,-0.47,10.16
946684802, 2000/1/1 0:0:2,0.18,-0.29,0.01,0.35,-0.67,10.20
946684802, 2000/1/1 0:0:2,0.06,-0.25,0.08,1.14,-0.78,8.55
946684802, 2000/1/1 0:0:2,0.07,0.12,0.25,0.71,-1.22,8.71
946684802, 2000/1/1 0:0:2,0.13,0.32,0.32,0.39,-1.06,9.06
946684802, 2000/1/1 0:0:2,-0.05,0.30,0.39,0.47,-0.82,9.22
946684802, 2000/1/1 0:0:2,-0.12,0.28,0.52,-0.04,-1.02,9.53
946684802, 2000/1/1 0:0:2,-0.07,0.26,0.65,-0.78,-1.26,9.73
946684802, 2000/1/1 0:0:2,0.01,0.01,0.65,-0.31,-1.29,9.49
946684802, 2000/1/1 0:0:2,0.05,-0.14,0.57,-0.71,-1.37,9.92
946684802, 2000/1/1 0:0:2,0.02,-0.10,0.18,-0.31,-0.47,10.12
946684802, 2000/1/1 0:0:2,-0.22,0.10,0.24,-0.55,-0.31,9.81
946684802, 2000/1/1 0:0:2,-0.31,0.15,0.29,-1.02,-1.06,9.96
946684802, 2000/1/1 0:0:2,-0.38,0.14,0.30,-0.98,-0.94,9.65
946684802, 2000/1/1 0:0:2,-0.50,0.12,0.45,-1.26,-2.55,10.40
946684802, 2000/1/1 0:0:2,-0.37,-0.09,0.36,-1.29,-2.35,10.28
946684802, 2000/1/1 0:0:2,-0.09,-0.22,0.10,-1.57,-0.08,9.77
946684802, 2000/1/1 0:0:2,0.04,-0.07,-0.14,-1.26,0.08,10.20
946684802, 2000/1/1 0:0:2,0.22,-0.15,0.01,-0.86,0.35,10.04
946684802, 2000/1/1 0:0:2,0.17,0.02,0.23,-1.88,-0.16,11.34
946684802, 2000/1/1 0:0:2,0.17,-0.05,0.37,-2.00,0.39,11.57
946684802, 2000/1/1 0:0:2,-0.04,-0.53,0.51,-1.26,0.51,10.16
946684802, 2000/1/1 0:0:2,-0.38,-0.39,0.55,-1.92,-0.12,8.94
946684802, 2000/1/1 0:0:2,-0.54,-0.23,0.52,-2.55,-1.41,8.94
946684802, 2000/1/1 0:0:2,-0.32,-0.28,0.28,-2.55,-1.18,9.30
946684802, 2000/1/1 0:0:2,0.06,-0.45,0.13,-1.92,-0.31,9.65
946684802, 2000/1/1 0:0:2,0.31,-0.59,0.12,-1.33,0.31,9.81
946684802, 2000/1/1 0:0:2,0.24,-0.54,0.22,-1.29,0.71,9.85
946684802, 2000/1/1 0:0:2,0.11,-0.37,0.40,-0.71,0.12,9.49
946684802, 2000/1/1 0:0:2,0.07,-0.14,0.54,-1.65,-0.12,9.14
946684802, 2000/1/1 0:0:2,0.00,-0.18,0.49,-1.80,-0.71,9.38
946684802, 2000/1/1 0:0:2,0.10,-0.39,0.53,-1.18,-0.47,8.55
946684802, 2000/1/1 0:0:2,0.10,-0.37,0.61,-1.14,-0.82,8.39
946684802, 2000/1/1 0:0:2,0.22,-0.32,0.58,-0.55,-0.75,8.47
946684802, 2000/1/1 0:0:2,0.33,-0.28,0.63,-0.43,-0.47,7.96
946684802, 2000/1/1 0:0:2,0.38,-0.15,0.75,-0.24,-0.31,9.02
946684802, 2000/1/1 0:0:2,0.29,-0.07,0.89,-0.78,0.51,10.75
946684802, 2000/1/1 0:0:2,-0.05,-0.22,1.03,-0.94,0.27,11.34
946684802, 2000/1/1 0:0:2,-0.16,-0.54,1.09,-0.20,0.12,10.51
946684802, 2000/1/1 0:0:2,-0.27,-0.69,1.14,-0.39,-0.55,8.20
946684802, 2000/1/1 0:0:2,-0.29,-0.29,1.09,-1.14,-0.98,8.08
946684802, 2000/1/1 0:0:2,-0.16,-0.15,0.76,-1.80,-1.10,9.41
946684802, 2000/1/1 0:0:2,0.10,-0.35,0.47,-0.82,0.35,9.06
946684802, 2000/1/1 0:0:2,0.34,-0.25,0.29,-0.43,0.98,9.49
946684802, 2000/1/1 0:0:2,0.66,-0.04,0.17,-0.55,1.33,10.16
946684802, 2000/1/1 0:0:2,0.94,-0.06,0.10,-0.55,1.96,10.20
946684802, 2000/1/1 0:0:2,0.76,-0.13,0.18,-0.20,1.65,9.14
946684802, 2000/1/1 0:0:2,0.36,-0.25,0.36,-0.24,0.98,7.73
946684802, 2000/1/1 0:0:2,0.01,-0.29,0.55,-0.16,-0.04,5.84
946684802, 2000/1/1 0:0:2,-0.02,-0.05,0.53,-0.67,-0.82,6.24
946684802, 2000/1/1 0:0:2,0.13,-0.07,0.35,-0.71,-0.24,6.35
946684802, 2000/1/1 0:0:2,0.14,-0.17,0.21,-0.16,0.35,6.94
946684802, 2000/1/1 0:0:2,-0.17,-0.09,0.15,-0.27,-0.24,7.41
946684802, 2000/1/1 0:0:2,-0.20,-0.10,0.20,-0.51,-0.16,7.77
946684802, 2000/1/1 0:0:2,-0.05,-0.15,0.20,-0.63,0.47,8.55
946684802, 2000/1/1 0:0:2,-0.38,-0.23,0.17,-0.63,0.27,8.24
946684802, 2000/1/1 0:0:2,-0.67,-0.39,0.28,-0.59,-0.04,7.73
946684802, 2000/1/1 0:0:2,-0.45,-0.33,0.27,-0.20,-0.24,8.28
946684802, 2000/1/1 0:0:2,-0.10,-0.05,0.19,-0.63,0.27,9.92
946684802, 2000/1/1 0:0:2,0.04,0.15,0.23,-0.94,0.39,11.14
946684802, 2000/1/1 0:0:2,-0.12,0.09,0.25,-0.86,0.20,11.26
946684802, 2000/1/1 0:0:2,0.02,-0.05,0.25,-0.82,0.78,11.18
946684802, 2000/1/1 0:0:2,0.43,-0.05,0.30,-0.59,0.12,11.89
946684802, 2000/1/1 0:0:2,0.79,0.00,0.35,-1.10,0.55,13.77
946684802, 2000/1/1 0:0:2,0.47,0.11,0.23,-1.61,0.00,14.79
946684802, 2000/1/1 0:0:2,0.32,-0.09,0.21,-0.71,-0.43,14.55
946684802, 2000/1/1 0:0:2,0.59,-0.06,0.14,-0.04,-0.20,15.46
946684802, 2000/1/1 0:0:2,0.81,0.09,0.23,-0.71,-0.43,17.38
946684802, 2000/1/1 0:0:2,0.86,0.03,0.28,-0.75,0.43,18.87
946684802, 2000/1/1 0:0:2,0.45,0.04,0.29,-1.10,1.29,20.01
946684802, 2000/1/1 0:0:2,0.01,-0.02,0.43,-1.37,0.27,20.01
946684802, 2000/1/1 0:0:2,-0.15,0.05,0.51,-1.77,-0.86,20.01
946684802, 2000/1/1 0:0:2,-0.19,0.06,0.45,-2.59,-1.02,20.01
946684802, 2000/1/1 0:0:2,-0.19,-0.28,0.34,-2.63,-1.02,19.46
946684802, 2000/1/1 0:0:2,-0.19,-0.47,0.28,-2.71,-1.02,19.02
946684802, 2000/1/1 0:0:2,-0.16,-0.42,0.04,-2.51,0.47,18.71
946684802, 2000/1/1 0:0:2,-0.33,-0.19,-0.16,-2.39,1.45,18.32
946684802, 2000/1/1 0:0:2,-0.43,-0.16,-0.07,-2.47,0.86,17.73
946684802, 2000/1/1 0:0:2,-0.61,-0.22,0.11,-3.49,-0.71,17.34
946684802, 2000/1/1 0:0:2,-0.50,-0.44,-0.21,-3.26,-0.04,16.12
946684802, 2000/1/1 0:0:2,-0.41,-0.59,-0.37,-2.12,0.71,14.36
946684802, 2000/1/1 0:0:2,-0.48,-0.47,-0.39,-1.49,1.41,12.24
946684802, 2000/1/1 0:0:2,-0.57,-0.23,-0.35,-2.00,0.82,8.59
946684802, 2000/1/1 0:0:2,-0.58,-0.09,-0.39,-1.65,1.06,5.45
946684802, 2000/1/1 0:0:2,-0.62,-0.10,-0.46,0.16,0.24,3.22
946684802, 2000/1/1 0:0:2,-0.24,-0.30,-0.39,2.94,1.22,-0.24
946684802, 2000/1/1 0:0:2,-0.01,-0.19,0.28,2.59,0.12,-1.65
946684802, 2000/1/1 0:0:2,-0.73,0.18,0.64,0.27,-1.69,-1.84
946684802, 2000/1/1 0:0:2,-0.82,0.15,0.54,-0.67,-2.35,-2.35
946684802, 2000/1/1 0:0:2,-0.72,0.01,0.14,-1.26,-1.96,-1.41
946684802, 2000/1/1 0:0:2,-0.70,-0.26,-0.11,-0.24,-0.86,-1.06
946684802, 2000/1/1 0:0:2,-0.64,-0.30,-0.14,-0.04,-0.55,-0.12
946684803, 2000/1/1 0:0:3,-0.50,-0.46,-0.04,0.12,-0.12,0.98
946684803, 2000/1/1 0:0:3,-0.48,-0.65,-0.07,0.55,0.63,1.41
946684803, 2000/1/1 0:0:3,-0.75,-0.60,0.05,1.41,0.94,-0.12
946684803, 2000/1/1 0:0:3,-0.80,-0.20,0.22,0.94,0.04,-0.27
946684803, 2000/1/1 0:0:3,-0.61,-0.00,0.17,0.31,0.55,0.47
946684803, 2000/1/1 0:0:3,-0.55,-0.23,0.17,0.16,1.02,0.39
946684803, 2000/1/1 0:0:3,-0.70,-0.43,0.15,-0.27,0.43,-0.27
946684803, 2000/1/1 0:0:3,-0.68,-0.37,-0.00,0.12,0.04,0.67
946684803, 2000/1/1 0:0:3,-0.08,-0.18,0.12,0.47,-0.20,2.79
946684803, 2000/1/1 0:0:3,-0.37,0.25,0.16,-1.73,-1.84,9.18
946684803, 2000/1/1 0:0:3,-0.68,-0.34,-0.09,-2.51,-2.12,18.24
946684803, 2000/1/1 0:0:3,0.16,-1.18,0.20,1.92,-0.04,16.04
946684803, 2000/1/1 0:0:3,-0.14,-0.74,1.25,-0.75,-4.90,15.97
946684803, 2000/1/1 0:0:3,0.28,0.13,1.69,-4.08,-8.00,19.61
946684803, 2000/1/1 0:0:3,1.20,0.16,1.34,-4.12,-8.87,20.01
946684803, 2000/1/1 0:0:3,1.73,0.01,-0.09,-2.47,-5.22,19.85
946684803, 2000/1/1 0:0:3,1.43,-0.09,-0.11,-0.63,-3.45,17.61
946684803, 2000/1/1 0:0:3,0.97,0.17,0.11,-1.45,-3.69,16.08
946684803, 2000/1/1 0:0:3,1.09,0.20,0.11,-1.96,-2.51,15.69
946684803, 2000/1/1 0:0:3,1.24,0.04,-0.05,-1.22,-1.45,15.18
946684803, 2000/1/1 0:0:3,1.16,-0.09,0.07,-0.94,-0.78,13.49
946684803, 2000/1/1 0:0:3,0.84,-0.05,0.19,-1.84,-1.65,12.40
946684803, 2000/1/1 0:0:3,0.52,0.02,0.19,-2.35,-2.12,12.36
946684803, 2000/1/1 0:0:3,0.73,0.04,-0.04,-1.65,-0.94,12.08
946684803, 2000/1/1 0:0:3,0.55,0.08,-0.02,-1.77,-1.02,12.04
946684803, 2000/1/1 0:0:3,0.28,-0.16,0.06,-1.53,-1.41,10.94
946684803, 2000/1/1 0:0:3,0.08,-0.43,0.06,-0.86,-1.49,9.69
946684803, 2000/1/1 0:0:3,0.08,-0.49,-0.00,-0.35,-1.49,8.94
946684803, 2000/1/1 0:0:3,0.12,-0.13,-0.11,-0.94,-1.22,9.77
946684803, 2000/1/1 0:0:3,0.05,-0.24,-0.09,-1.18,-0.75,9.96
946684803, 2000/1/1 0:0:3,-0.16,-0.54,-0.06,-0.86,-0.67,8.94
946684803, 2000/1/1 0:0:3,-0.31,-0.68,-0.05,-0.75,-1.14,7.88
946684803, 2000/1/1 0:0:3,-0.24,-0.70,-0.09,-0.16,-1.26,7.34
946684803, 2000/1/1 0:0:3,-0.12,-0.44,-0.14,-0.24,-0.90,7.22
946684803, 2000/1/1 0:0:3,0.03,-0.13,-0.02,-1.06,-1.53,8.32
946684803, 2000/1/1 0:0:3,0.13,-0.21,-0.14,-0.59,-1.18,8.20
946684803, 2000/1/1 0:0:3,0.02,-0.35,-0.10,-0.43,-1.10,7.81
946684803, 2000/1/1 0:0:3,0.06,-0.29,0.03,-0.47,-1.53,7.41
946684803, 2000/1/1 0:0:3,0.15,-0.17,-0.01,-0.59,-1.96,7.81
946684803, 2000/1/1 0:0:3,0.34,-0.12,-0.12,-0.39,-1.45,8.16
946684803, 2000/1/1 0:0:3,0.38,-0.04,-0.14,-0.51,-0.71,9.06
946684803, 2000/1/1 0:0:3,0.30,-0.06,-0.10,-0.35,-0.75,9.34
946684803, 2000/1/1 0:0:3,0.26,-0.04,0.00,-0.67,-1.18,9.26
946684803, 2000/1/1 0:0:3,0.17,-0.10,-0.02,-0.51,-1.33,9.45
946684803, 2000/1/1 0:0:3,0.30,-0.10,-0.06,-0.16,-0.86,9.61
946684803, 2000/1/1 0:0:3,0.36,-0.02,-0.05,-0.27,-0.63,10.00
946684803, 2000/1/1 0:0:3,0.28,-0.02,0.02,-0.51,-0.59,10.20
946684803, 2000/1/1 0:0:3,0.08,-0.10,0.01,-0.43,-0.94,10.16
946684803, 2000/1/1 0:0:3,0.07,-0.17,-0.02,-0.71,-0.90,10.04
946684803, 2000/1/1 0:0:3,0.15,-0.22,-0.00,-0.78,-1.02,9.77
946684803, 2000/1/1 0:0:3,0.15,-0.17,-0.10,-0.55,-0.75,9.89
946684803, 2000/1/1 0:0:3,0.14,-0.06,-0.14,-0.63,-0.63,10.28
946684803, 2000/1/1 0:0:3,0.17,-0.12,-0.11,-0.39,-0.43,10.28
946684803, 2000/1/1 0:0:3,0.10,-0.09,-0.09,-0.39,-0.24,10.04
946684803, 2000/1/1 0:0:3,0.02,-0.07,-0.04,-0.75,-0.39,9.96
946684803, 2000/1/1 0:0:3,0.04,-0.20,-0.01,-0.51,-0.55,9.38
946684803, 2000/1/1 0:0:3,0.04,-0.19,-0.06,-0.20,-0.31,9.14
946684803, 2000/1/1 0:0:3,0.07,-0.07,-0.05,-0.39,-0.43,9.38
946684803, 2000/1/1 0:0:3,0.15,-0.07,-0.04,-0.16,-0.35,9.18
946684803, 2000/1/1 0:0:3,0.22,-0.06,-0.02,-0.27,-0.31,9.30
946684803, 2000/1/1 0:0:3,0.21,-0.04,0.07,-0.75,-0.39,9.61
946684803, 2000/1/1 0:0:3,0.23,-0.12,0.07,-0.67,-0.27,9.69
946684803, 2000/1/1 0:0:3,0.17,-0.16,0.11,-0.59,-0.35,9.49
946684803, 2000/1/1 0:0:3,0.15,-0.16,0.13,-0.43,-0.51,9.49
946684803, 2000/1/1 0:0:3,0.21,-0.10,0.16,-0.59,-0.71,9.65
946684803, 2000/1/1 0:0:3,0.27,-0.09,0.12,-0.55,-0.51,9.81
946684803, 2000/1/1 0:0:3,0.27,-0.14,0.10,-0.31,-0.71,9.57
946684803, 2000/1/1 0:0:3,0.33,-0.09,0.10,-0.31,-0.59,9.45
946684803, 2000/1/1 0:0:3,0.36,-0.01,0.07,-0.43,-0.31,9.69
946684803, 2000/1/1 0:0:3,0.35,0.03,0.09,-0.51,-0.16,9.65
946684803, 2000/1/1 0:0:3,0.27,-0.04,0.10,-0.55,-0.31,9.45
946684803, 2000/1/1 0:0:3,0.11,-0.15,0.11,-0.59,-0.51,8.59
946684803, 2000/1/1 0:0:3,0.07,-0.29,0.14,-0.20,-0.43,7.96
946684803, 2000/1/1 0:0:3,0.05,-0.33,0.16,0.00,-0.24,7.34
946684803, 2000/1/1 0:0:3,-0.12,-0.25,0.30,-0.27,-0.75,6.63
946684803, 2000/1/1 0:0:3,-0.05,-0.27,0.30,-0.20,-0.43,6.24
946684803, 2000/1/1 0:0:3,-0.08,-0.24,0.26,-0.31,-0.43,6.08
946684803, 2000/1/1 0:0:3,-0.07,-0.27,0.28,-0.20,-0.51,6.08
946684803, 2000/1/1 0:0:3,0.03,-0.24,0.27,-0.43,-0.16,6.39
946684803, 2000/1/1 0:0:3,0.05,-0.15,0.19,-0.51,0.04,6.63
946684803, 2000/1/1 0:0:3,0.05,-0.21,0.13,-0.27,0.31,6.63
946684803, 2000/1/1 0:0:3,0.08,-0.26,0.19,-0.31,0.27,7.26
946684803, 2000/1/1 0:0:3,0.20,-0.33,0.19,-0.04,0.39,8.20
946684803, 2000/1/1 0:0:3,0.39,-0.27,0.19,0.24,0.78,9.69
946684803, 2000/1/1 0:0:3,0.55,-0.15,0.19,0.16,1.45,11.69
946684803, 2000/1/1 0:0:3,0.60,-0.09,0.25,-0.31,1.22,13.49
946684803, 2000/1/1 0:0:3,0.71,-0.16,0.28,-0.24,1.26,14.98
946684803, 2000/1/1 0:0:3,0.80,-0.20,0.25,-0.27,0.98,16.20
946684803, 2000/1/1 0:0:3,0.89,-0.15,0.25,-0.39,0.98,17.85
946684803, 2000/1/1 0:0:3,0.97,0.05,0.12,-0.63,1.96,19.93
946684803, 2000/1/1 0:0:3,0.75,0.17,0.14,-1.33,2.51,20.01
946684803, 2000/1/1 0:0:3,0.46,-0.04,0.22,-2.20,2.43,20.01
946684803, 2000/1/1 0:0:3,0.04,-0.37,0.21,-1.88,1.73,20.01
946684803, 2000/1/1 0:0:3,-0.23,-0.55,0.19,-1.26,1.14,20.01
946684803, 2000/1/1 0:0:3,-0.51,-0.47,0.25,-1.18,0.51,19.57
946684803, 2000/1/1 0:0:3,-0.78,-0.27,0.28,-2.04,-0.24,17.65
946684803, 2000/1/1 0:0:3,-0.75,-0.28,0.14,-2.28,0.08,16.99
946684803, 2000/1/1 0:0:3,-0.51,-0.21,-0.08,-1.65,0.98,16.75
946684803, 2000/1/1 0:0:3,-0.08,0.02,-0.28,-1.61,2.08,16.59
946684803, 2000/1/1 0:0:3,0.30,0.25,-0.41,-1.69,3.26,17.02
946684803, 2000/1/1 0:0:3,0.40,0.22,-0.40,-1.73,4.59,15.34
946684803, 2000/1/1 0:0:3,0.05,0.19,-0.16,-2.08,2.47,12.43
946684803, 2000/1/1 0:0:3,-0.76,0.32,-0.34,-1.41,-0.04,7.26
946684803, 2000/1/1 0:0:3,-0.89,0.55,-0.53,1.33,-1.61,2.20
946684803, 2000/1/1 0:0:3,-0.56,0.29,-0.28,3.49,-1.22,0.08
946684803, 2000/1/1 0:0:3,-0.73,-0.11,0.25,3.37,-1.10,-2.16
946684803, 2000/1/1 0:0:3,-1.20,-0.10,0.80,0.00,-2.51,-2.28
946684803, 2000/1/1 0:0:3,-0.87,-0.41,0.71,-0.98,-2.90,-2.79
946684803, 2000/1/1 0:0:3,-0.22,0.05,-0.35,-1.45,0.04,0.75
946684803, 2000/1/1 0:0:3,-0.13,-0.18,-0.45,-0.63,1.69,1.96
946684803, 2000/1/1 0:0:3,-0.44,-0.34,-0.26,-0.04,1.45,1.65
946684803, 2000/1/1 0:0:3,-0.67,-0.36,-0.04,-0.78,1.06,1.92
946684803, 2000/1/1 0:0:3,-0.60,-0.59,0.07,-0.51,1.02,1.41
946684803, 2000/1/1 0:0:3,-0.80,-0.66,0.05,-0.39,0.78,0.78
946684803, 2000/1/1 0:0:3,-0.85,-0.51,-0.08,-0.31,0.82,1.41
946684803, 2000/1/1 0:0:3,-0.76,-0.55,-0.10,0.16,1.02,1.65
946684803, 2000/1/1 0:0:3,-0.84,-0.64,0.03,0.67,0.86,0.82
946684803, 2000/1/1 0:0:3,-0.94,-0.49,0.21,0.31,0.04,1.41
946684803, 2000/1/1 0:0:3,-0.63,-0.48,0.35,1.45,-0.86,4.71
946684803, 2000/1/1 0:0:3,-0.70,-0.46,0.48,1.57,-2.63,8.00
946684803, 2000/1/1 0:0:3,-0.79,-0.61,0.67,0.75,-4.63,11.34
946684803, 2000/1/1 0:0:3,-0.36,-0.73,0.53,0.35,-3.45,13.10
946684803, 2000/1/1 0:0:3,-0.00,-0.78,0.44,-0.12,-2.59,12.12
946684803, 2000/1/1 0:0:3,1.35,-0.67,0.56,-0.63,-4.59,13.89
946684803, 2000/1/1 0:0:3,2.86,-0.16,0.07,0.31,-2.28,18.55
946684803, 2000/1/1 0:0:3,3.20,0.43,-0.27,0.08,0.24,20.01
946684803, 2000/1/1 0:0:3,2.97,0.49,-0.11,0.27,1.69,20.01
946684803, 2000/1/1 0:0:3,2.08,0.40,0.52,-1.41,-0.55,19.73
946684803, 2000/1/1 0:0:3,0.77,-0.05,0.36,-2.31,-1.41,17.18
946684803, 2000/1/1 0:0:3,0.46,-0.32,0.05,-1.69,-1.49,14.55
946684803, 2000/1/1 0:0:3,0.41,-0.39,-0.17,-0.63,-0.75,12.51
946684803, 2000/1/1 0:0:3,0.29,-0.21,-0.20,0.51,0.12,11.10
946684803, 2000/1/1 0:0:3,0.20,0.03,0.10,-0.24,-0.08,10.63
946684803, 2000/1/1 0:0:3,-0.02,-0.16,0.33,-0.71,-0.12,10.16
946684803, 2000/1/1 0:0:3,-0.27,-0.32,0.26,-0.59,-0.04,9.65
946684803, 2000/1/1 0:0:3,-0.47,-0.44,0.17,-0.12,-0.16,9.06
946684803, 2000/1/1 0:0:3,-0.55,-0.49,0.10,-0.12,-0.31,8.24
946684803, 2000/1/1 0:0:3,-0.41,-0.48,0.04,0.00,-0.12,8.20
946684803, 2000/1/1 0:0:3,-0.26,-0.45,-0.02,0.16,0.59,8.08
946684803, 2000/1/1 0:0:3,-0.15,-0.28,0.03,0.24,1.10,9.14
946684803, 2000/1/1 0:0:3,-0.04,-0.15,0.06,-0.27,0.86,10.12
946684803, 2000/1/1 0:0:3,0.07,-0.22,0.08,0.04,1.02,10.12
946684803, 2000/1/1 0:0:3,0.05,-0.15,0.04,-0.20,0.78,10.32
946684803, 2000/1/1 0:0:3,0.02,-0.10,-0.00,-0.12,0.67,10.40
946684803, 2000/1/1 0:0:3,-0.01,-0.23,0.02,0.08,0.24,9.92
946684803, 2000/1/1 0:0:3,-0.01,-0.30,0.10,0.63,0.04,9.22
946684803, 2000/1/1 0:0:3,0.03,-0.14,0.21,0.24,-0.59,9.10
946684803, 2000/1/1 0:0:3,0.05,0.03,0.17,-0.63,-1.02,9.57
946684803, 2000/1/1 0:0:3,0.03,-0.06,0.03,-0.71,-1.02,9.73
946684803, 2000/1/1 0:0:3,-0.07,-0.26,-0.04,-0.35,-0.71,9.53
946684803, 2000/1/1 0:0:3,-0.02,-0.38,0.02,0.04,-0.78,9.69
946684803, 2000/1/1 0:0:3,-0.05,-0.25,-0.02,0.24,-0.86,9.69
946684803, 2000/1/1 0:0:3,-0.05,-0.17,-0.06,-0.08,-0.78,9.65
946684803, 2000/1/1 0:0:3,-0.07,-0.11,-0.11,-0.35,-0.90,10.00
946684803, 2000/1/1 0:0:3,-0.02,-0.21,-0.19,0.00,-0.75,9.61
946684803, 2000/1/1 0:0:3,-0.01,-0.27,-0.22,0.47,-0.71,9.61
946684803, 2000/1/1 0:0:3,0.04,-0.19,-0.24,0.94,-0.55,9.53
946684803, 2000/1/1 0:0:3,0.14,0.04,-0.17,0.16,-0.24,10.32
946684803, 2000/1/1 0:0:3,0.07,-0.03,-0.13,-0.04,-0.24,10.32
946684803, 2000/1/1 0:0:3,-0.00,-0.19,-0.08,0.24,-0.67,9.77
946684803, 2000/1/1 0:0:3,-0.07,-0.20,-0.11,0.63,-0.94,9.22
946684803, 2000/1/1 0:0:3,-0.02,-0.07,-0.14,0.59,-0.94,9.41
946684803, 2000/1/1 0:0:3,0.07,-0.00,-0.17,0.47,-0.75,10.04
946684803, 2000/1/1 0:0:3,0.05,-0.07,-0.14,0.51,-0.55,10.00
946684803, 2000/1/1 0:0:3,0.05,-0.09,-0.12,0.47,-0.51,9.96
946684803, 2000/1/1 0:0:3,0.06,-0.07,-0.12,0.43,-0.39,10.12
946684803, 2000/1/1 0:0:3,0.06,-0.11,-0.12,0.43,-0.31,10.24
946684803, 2000/1/1 0:0:3,0.06,-0.18,-0.10,0.59,-0.27,9.89
946684803, 2000/1/1 0:0:3,0.01,-0.14,0.00,0.35,-0.24,9.81
946684803, 2000/1/1 0:0:3,0.05,-0.13,0.03,0.63,-0.12,9.34
946684803, 2000/1/1 0:0:3,0.06,0.11,0.08,0.78,-0.24,8.79
946684803, 2000/1/1 0:0:3,0.17,0.47,0.12,-0.12,-0.39,9.38
946684803, 2000/1/1 0:0:3,0.25,0.43,0.09,-0.63,-0.39,10.20
946684803, 2000/1/1 0:0:3,0.19,0.11,0.05,-0.43,-0.12,10.36
946684803, 2000/1/1 0:0:3,0.14,-0.12,0.07,-0.16,-0.08,10.12
946684803, 2000/1/1 0:0:3,0.11,-0.10,0.12,0.55,-0.04,9.06
946684803, 2000/1/1 0:0:3,0.12,0.61,0.27,-0.55,-0.47,10.40
946684803, 2000/1/1 0:0:3,0.08,0.47,0.22,-1.33,-0.51,10.90
946684803, 2000/1/1 0:0:3,0.12,-0.03,0.15,-0.98,-0.35,10.51
946684803, 2000/1/1 0:0:3,0.06,-0.26,0.09,-0.39,0.00,9.81
946684803, 2000/1/1 0:0:3,0.02,0.01,0.13,0.86,0.16,8.47
946684803, 2000/1/1 0:0:3,-0.07,0.99,0.26,-0.20,-0.20,9.26
946684803, 2000/1/1 0:0:3,-0.07,1.14,0.15,-2.79,-0.86,12.12
946684803, 2000/1/1 0:0:3,0.12,0.10,0.14,-1.69,-0.16,10.71
946684803, 2000/1/1 0:0:3,-0.05,-0.36,0.15,-1.37,-0.31,10.08
946684803, 2000/1/1 0:0:3,-0.16,-0.32,0.02,-0.78,0.00,9.53
946684803, 2000/1/1 0:0:3,-0.18,0.08,0.13,-0.43,-0.39,9.41
946684803, 2000/1/1 0:0:3,-0.08,0.04,0.13,-1.61,-0.59,10.20
946684803, 2000/1/1 0:0:3,0.04,-0.31,0.16,-1.22,-0.35,9.73
946684803, 2000/1/1 0:0:3,-0.00,-0.32,0.13,-1.49,-0.67,9.85
946684803, 2000/1/1 0:0:3,0.07,-0.33,0.04,-0.94,-0.43,9.41
946684803, 2000/1/1 0:0:3,0.10,-0.12,0.03,-0.71,-0.35,9.38
946684803, 2000/1/1 0:0:3,0.14,0.03,0.03,-1.26,0.00,10.24
946684803, 2000/1/1 0:0:3,0.05,-0.23,0.08,-1.26,-0.04,10.08
946684803, 2000/1/1 0:0:3,0.02,-0.30,0.07,-1.37,-0.39,10.00
946684803, 2000/1/1 0:0:3,0.08,-0.32,0.04,-0.75,-0.12,9.65
946684803, 2000/1/1 0:0:3,0.05,-0.07,0.05,-1.06,-0.39,9.53
946684803, 2000/1/1 0:0:3,0.01,0.14,0.04,-1.80,-0.59,10.59
946684803, 2000/1/1 0:0:3,0.09,-0.17,0.04,-1.57,-0.43,10.36
946684803, 2000/1/1 0:0:3,0.04,-0.35,0.02,-1.49,-0.67,10.32
946684803, 2000/1/1 0:0:3,-0.02,-0.32,-0.01,-0.90,-0.82,9.77
946684803, 2000/1/1 0:0:3,-0.06,0.27,-0.00,-0.39,-0.27,8.83
946684803, 2000/1/1 0:0:3,-0.13,0.80,0.13,-1.53,-0.90,10.32
946684803, 2000/1/1 0:0:3,-0.03,0.51,0.15,-2.35,-0.90,10.83
946684803, 2000/1/1 0:0:3,0.02,-0.05,0.11,-1.61,-0.63,10.36
946684803, 2000/1/1 0:0:3,-0.09,-0.20,-0.01,-1.29,-0.43,9.85
946684803, 2000/1/1 0:0:3,-0.14,0.18,0.05,-0.24,-0.04,8.51
946684803, 2000/1/1 0:0:3,-0.21,1.03,0.16,-2.28,-1.06,10.16
946684803, 2000/1/1 0:0:3,-0.21,0.87,0.06,-3.18,-0.86,11.26
946684803, 2000/1/1 0:0:3,0.06,-0.11,0.14,-2.28,-0.59,10.00
946684803, 2000/1/1 0:0:3,-0.05,-0.36,0.12,-1.69,-0.71,8.90
946684803, 2000/1/1 0:0:3,-0.08,-0.12,0.04,-0.67,-0.39,7.77
946684803, 2000/1/1 0:0:3,-0.13,1.15,0.05,-2.43,-1.29,9.57
946684803, 2000/1/1 0:0:3,-0.06,0.90,0.00,-3.26,-1.02,10.67
946684803, 2000/1/1 0:0:3,0.11,0.32,0.20,-2.20,-0.59,9.18
946684803, 2000/1/1 0:0:3,0.12,0.74,0.37,-1.33,-0.94,7.57
946684803, 2000/1/1 0:0:3,0.09,1.95,0.35,-2.08,-0.63,7.37
946684803, 2000/1/1 0:0:3,-0.43,3.35,0.07,-4.75,-1.29,9.69
946684803, 2000/1/1 0:0:3,-0.74,3.03,0.05,-5.45,-1.49,9.81
946684803, 2000/1/1 0:0:3,-0.61,2.34,0.34,-5.61,-2.31,8.63
946684803, 2000/1/1 0:0:3,-0.29,2.24,0.25,-5.02,-1.18,8.08
946684803, 2000/1/1 0:0:3,-0.38,2.39,0.24,-5.69,-1.88,7.45
946684803, 2000/1/1 0:0:3,-0.47,2.49,0.14,-5.81,-1.45,6.32
946684803, 2000/1/1 0:0:3,-0.51,2.64,0.00,-6.20,-1.49,5.96
946684803, 2000/1/1 0:0:3,-0.74,3.11,-0.00,-7.85,-1.33,7.10
946684803, 2000/1/1 0:0:3,-0.70,2.68,0.01,-8.47,-0.71,7.06
946684803, 2000/1/1 0:0:3,-0.59,1.90,0.35,-7.61,-1.26,5.88
946684803, 2000/1/1 0:0:3,-0.72,2.02,0.40,-7.57,-1.69,3.88
946684803, 2000/1/1 0:0:3,-0.71,2.58,0.20,-9.10,-2.08,4.31
946684803, 2000/1/1 0:0:3,-0.41,2.51,0.17,-10.20,-1.45,4.75
946684803, 2000/1/1 0:0:3,-0.38,1.90,0.18,-10.63,-2.00,5.02
946684803, 2000/1/1 0:0:3,-0.09,1.14,0.24,-8.83,-0.98,2.94
946684803, 2000/1/1 0:0:3,-0.22,1.13,0.30,-9.02,-1.61,2.12
946684803, 2000/1/1 0:0:3,-0.63,1.72,0.10,-9.77,-1.96,2.55
946684803, 2000/1/1 0:0:3,-0.63,1.78,0.09,-10.24,-1.65,3.22
946684803, 2000/1/1 0:0:3,-0.27,0.89,0.32,-9.57,-1.77,2.63
946684803, 2000/1/1 0:0:3,-0.24,0.44,0.42,-8.16,-1.41,0.43
946684803, 2000/1/1 0:0:3,-0.26,0.70,0.43,-7.81,-1.77,-0.24
946684803, 2000/1/1 0:0:3,-0.51,1.50,0.23,-10.87,-1.53,1.96
946684803, 2000/1/1 0:0:3,-0.38,1.00,0.34,-11.22,-0.90,2.20
946684803, 2000/1/1 0:0:3,-0.10,0.14,0.56,-9.77,-1.26,0.78
946684803, 2000/1/1 0:0:3,-0.03,-0.20,0.60,-8.94,-1.22,-0.27
946684803, 2000/1/1 0:0:3,-0.05,0.32,0.43,-9.73,-1.18,0.04
946684803, 2000/1/1 0:0:3,-0.14,0.57,0.28,-10.55,-1.06,0.98
946684803, 2000/1/1 0:0:3,-0.11,0.28,0.27,-9.89,-0.35,0.63
946684803, 2000/1/1 0:0:3,-0.13,0.08,0.37,-9.92,-0.90,-0.20
946684803, 2000/1/1 0:0:3,-0.17,0.17,0.32,-8.98,-0.98,-1.41
946684803, 2000/1/1 0:0:3,-0.38,0.89,0.11,-10.63,-1.49,0.24
946684803, 2000/1/1 0:0:3,-0.28,0.84,0.04,-10.67,-0.82,0.86
946684803, 2000/1/1 0:0:3,0.00,-0.06,0.29,-9.53,-0.47,-0.43
946684803, 2000/1/1 0:0:3,-0.12,-0.03,0.37,-9.45,-0.75,-0.78
946684803, 2000/1/1 0:0:3,-0.16,0.29,0.32,-9.14,-0.94,-1.80
946684803, 2000/1/1 0:0:3,-0.15,0.86,0.03,-11.53,-0.31,0.24
946684803, 2000/1/1 0:0:3,0.19,0.16,0.21,-10.71,0.08,-0.04
946684803, 2000/1/1 0:0:3,0.33,-0.58,0.49,-10.20,-0.08,-0.55
946684803, 2000/1/1 0:0:3,0.11,-0.39,0.49,-9.65,-0.12,-1.84
946684803, 2000/1/1 0:0:3,-0.07,0.17,0.30,-10.75,-0.59,-1.45
946684803, 2000/1/1 0:0:3,0.04,0.23,0.21,-10.71,-0.43,-0.51
946684803, 2000/1/1 0:0:3,0.10,-0.11,0.35,-10.08,-0.82,-0.71
946684803, 2000/1/1 0:0:3,0.15,-0.33,0.41,-9.81,-1.10,-1.37
946684803, 2000/1/1 0:0:3,-0.01,-0.14,0.25,-9.61,-1.57,-1.29
946684803, 2000/1/1 0:0:3,-0.16,0.12,0.02,-9.73,-2.20,-0.98
946684803, 2000/1/1 0:0:3,-0.20,0.11,-0.22,-9.92,-1.96,-0.90
946684803, 2000/1/1 0:0:3,-0.09,0.00,-0.31,-8.24,-1.22,-0.67
946684803, 2000/1/1 0:0:3,-0.14,0.02,-0.32,-8.16,-1.41,-0.43
946684803, 2000/1/1 0:0:3,-0.01,-0.16,-0.40,-7.34,-1.26,-1.73
946684803, 2000/1/1 0:0:3,0.12,-0.10,-0.46,-7.22,-1.26,-1.29
946684803, 2000/1/1 0:0:3,0.18,0.10,-0.50,-7.61,-1.06,0.43
946684803, 2000/1/1 0:0:3,0.14,-0.16,-0.31,-7.73,-0.71,0.35
946684803, 2000/1/1 0:0:3,0.15,-0.63,0.02,-8.32,-1.22,-1.57
946684803, 2000/1/1 0:0:3,0.23,-0.42,0.01,-9.57,-1.57,-1.80
946684803, 2000/1/1 0:0:3,0.33,-0.08,-0.11,-11.77,-0.08,-1.06
946684803, 2000/1/1 0:0:3,0.23,-0.04,0.02,-14.00,0.12,-0.43
946684803, 2000/1/1 0:0:3,0.25,-0.49,0.27,-14.24,0.16,-0.94
946684803, 2000/1/1 0:0:3,0.18,-0.41,0.25,-14.75,0.04,-0.16
946684803, 2000/1/1 0:0:3,0.15,-0.29,0.20,-16.55,-0.31,-0.94
946684803, 2000/1/1 0:0:3,0.43,-0.43,0.23,-16.32,0.12,-0.98
946684803, 2000/1/1 0:0:3,0.64,-0.43,0.37,-17.65,1.14,-0.16
946684803, 2000/1/1 0:0:3,0.23,-0.22,0.51,-18.28,0.31,-0.75
946684803, 2000/1/1 0:0:3,-0.36,0.16,0.40,-19.53,-0.82,-1.84
946684803, 2000/1/1 0:0:3,-0.35,0.18,0.31,-19.77,-0.04,-2.63
946684803, 2000/1/1 0:0:3,0.47,-0.39,0.59,-18.63,1.80,-2.31
946684803, 2000/1/1 0:0:3,0.44,0.02,0.73,-19.53,3.30,-0.98
946684803, 2000/1/1 0:0:3,0.20,-0.02,1.00,-19.81,1.96,-1.57
946684803, 2000/1/1 0:0:3,0.63,-0.45,1.19,-17.26,1.88,-4.08
946684803, 2000/1/1 0:0:3,1.13,-0.06,0.78,-13.57,2.79,-0.04
946684803, 2000/1/1 0:0:3,1.20,0.14,0.40,-8.00,1.92,1.96
946684803, 2000/1/1 0:0:3,0.44,0.58,0.11,-4.43,-2.04,4.08
946684803, 2000/1/1 0:0:3,-0.48,0.66,0.08,-1.96,-7.41,1.92
946684803, 2000/1/1 0:0:3,-0.91,0.20,-0.22,-2.08,-6.16,-2.98
946684803, 2000/1/1 0:0:3,0.05,0.16,-0.48,-2.98,-2.63,-1.49
946684803, 2000/1/1 0:0:3,0.65,-0.06,-0.61,-3.02,0.24,1.10
946684803, 2000/1/1 0:0:3,0.89,-0.65,-0.52,-1.18,2.08,0.98
946684803, 2000/1/1 0:0:3,0.55,-0.58,-0.57,-0.75,2.31,1.77
946684803, 2000/1/1 0:0:3,-0.05,-0.15,-0.69,-1.53,-0.16,0.59
946684803, 2000/1/1 0:0:3,0.13,-0.47,-0.76,-0.12,-1.14,0.04
946684803, 2000/1/1 0:0:3,0.22,-0.44,-0.89,0.43,-0.55,1.10
946684803, 2000/1/1 0:0:3,0.33,-0.68,-0.75,0.43,-0.16,0.75
946684803, 2000/1/1 0:0:3,0.13,-0.75,-0.52,0.75,-0.94,-1.29
946684803, 2000/1/1 0:0:3,-0.07,-0.13,-0.66,-1.18,-1.37,-0.31
946684803, 2000/1/1 0:0:3,-0.13,0.10,-0.88,-3.14,-1.77,0.16
946684803, 2000/1/1 0:0:3,0.21,-0.31,-0.98,-4.63,-0.59,0.39
946684803, 2000/1/1 0:0:3,0.38,-0.39,-1.07,-4.79,-0.47,0.51
946684803, 2000/1/1 0:0:3,-0.08,0.01,-1.36,-9.77,0.12,-0.90
946684803, 2000/1/1 0:0:3,0.16,-0.01,-1.04,-15.61,1.65,-2.39
946684803, 2000/1/1 0:0:3,0.13,-0.05,-0.50,-16.12,3.88,-4.28
946684803, 2000/1/1 0:0:3,0.07,0.48,-0.03,-17.65,3.22,-1.18
946684803, 2000/1/1 0:0:3,0.20,-0.15,1.40,-19.06,-1.61,0.90
946684803, 2000/1/1 0:0:3,0.45,-0.86,2.13,-20.01,-1.96,0.94
946684803, 2000/1/1 0:0:3,0.34,-0.77,2.13,-20.01,-2.55,0.20
946684803, 2000/1/1 0:0:3,-0.10,-0.13,1.54,-20.01,-3.14,-0.43
946684803, 2000/1/1 0:0:3,-0.25,0.13,1.01,-16.79,-2.47,-1.53
946684803, 2000/1/1 0:0:3,-0.14,0.04,0.96,-15.38,-1.92,-0.24
946684803, 2000/1/1 0:0:3,-0.02,-0.28,1.08,-13.14,-2.12,0.12
946684803, 2000/1/1 0:0:3,-0.17,-0.33,1.16,-12.59,-2.75,-0.90
946684803, 2000/1/1 0:0:3,-0.09,-0.12,0.74,-12.43,-2.55,0.08
946684803, 2000/1/1 0:0:3,-0.27,0.15,0.08,-11.61,-1.69,0.55
946684803, 2000/1/1 0:0:3,-0.20,-0.28,-0.07,-9.41,-1.18,-0.82
946684803, 2000/1/1 0:0:3,-0.21,-0.16,-0.31,-8.90,-0.31,-0.67
946684803, 2000/1/1 0:0:3,-0.28,0.02,-0.45,-9.10,-0.43,-0.78
946684803, 2000/1/1 0:0:3,-0.09,-0.05,-0.57,-9.18,0.43,-1.02
946684803, 2000/1/1 0:0:3,0.10,-0.16,-0.57,-9.06,1.10,-0.63
946684803, 2000/1/1 0:0:3,0.11,-0.29,-0.42,-8.87,0.98,-0.67
946684803, 2000/1/1 0:0:3,0.14,-0.27,-0.30,-8.94,1.02,-0.78
946684803, 2000/1/1 0:0:3,0.15,-0.14,-0.23,-9.41,0.39,-0.24
946684803, 2000/1/1 0:0:3,0.27,-0.10,-0.27,-9.18,0.75,-0.20
946684803, 2000/1/1 0:0:3,0.09,0.13,-0.40,-9.77,1.26,0.31
946684803, 2000/1/1 0:0:3,-0.13,0.07,-0.24,-9.77,0.86,-0.12
946684803, 2000/1/1 0:0:3,-0.15,-0.11,-0.08,-9.69,0.00,-0.82
946684803, 2000/1/1 0:0:3,0.02,-0.14,-0.03,-9.61,-0.04,-0.94
946684803, 2000/1/1 0:0:3,0.12,-0.16,0.05,-9.41,0.04,-0.90
946684803, 2000/1/1 0:0:3,0.02,-0.12,0.11,-9.69,-0.31,-0.39
946684803, 2000/1/1 0:0:3,0.01,-0.23,0.25,-10.24,-0.39,-0.86
946684803, 2000/1/1 0:0:3,0.12,-0.34,0.30,-10.20,-0.82,-1.14
946684803, 2000/1/1 0:0:3,0.17,-0.23,0.23,-10.20,-0.63,-0.78
946684803, 2000/1/1 0:0:3,0.04,-0.02,0.14,-10.40,-0.55,-0.12
946684803, 2000/1/1 0:0:3,0.02,-0.17,0.14,-10.24,-0.63,-0.51
946684803, 2000/1/1 0:0:3,0.06,-0.28,0.11,-10.08,-0.51,-1.14
946684803, 2000/1/1 0:0:3,0.07,-0.19,0.09,-9.81,-0.82,-1.06
946684803, 2000/1/1 0:0:3,0.03,0.00,0.02,-10.08,-0.51,-0.27
946684803, 2000/1/1 0:0:3,0.04,-0.13,0.03,-9.96,-0.35,-0.67
946684803, 2000/1/1 0:0:3,0.03,-0.20,0.05,-9.92,-0.35,-0.78
946684803, 2000/1/1 0:0:3,-0.05,-0.12,0.01,-9.96,-0.31,-0.82
946684803, 2000/1/1 0:0:3,-0.03,-0.12,-0.04,-9.65,-0.47,-0.82
946684803, 2000/1/1 0:0:3,0.06,-0.19,0.00,-9.30,-0.39,-0.59
946684803, 2000/1/1 0:0:3,0.11,-0.26,0.05,-9.06,-0.43,-0.98
946684803, 2000/1/1 0:0:3,0.09,-0.20,-0.01,-8.98,-0.39,-0.78
946684803, 2000/1/1 0:0:3,0.02,-0.06,-0.09,-8.94,-0.39,-0.39
946684803, 2000/1/1 0:0:3,0.04,-0.10,-0.12,-8.90,-0.31,-0.08
946684803, 2000/1/1 0:0:3,0.03,-0.27,-0.06,-8.39,-0.35,-1.14
946684803, 2000/1/1 0:0:3,0.04,-0.20,-0.01,-8.51,-0.51,-0.82
946684803, 2000/1/1 0:0:3,0.17,-0.22,-0.01,-8.39,-0.27,-0.94
946684803, 2000/1/1 0:0:3,0.19,-0.15,-0.03,-9.02,-0.27,-0.47
946684803, 2000/1/1 0:0:3,0.17,-0.21,-0.01,-8.79,-0.43,-0.67
946684803, 2000/1/1 0:0:3,0.08,-0.16,-0.03,-8.83,-0.51,-0.47
946684803, 2000/1/1 0:0:3,0.06,-0.11,-0.05,-9.45,-0.39,-0.55
946684803, 2000/1/1 0:0:3,0.07,-0.07,-0.06,-9.69,-0.12,-0.55
946684803, 2000/1/1 0:0:3,0.07,-0.06,-0.02,-10.08,0.04,-0.71
946684803, 2000/1/1 0:0:3,0.09,-0.06,0.06,-11.81,-0.04,-0.59
946684803, 2000/1/1 0:0:3,0.18,-0.14,0.05,-12.71,0.04,-0.24
946684803, 2000/1/1 0:0:3,0.13,-0.14,0.04,-13.96,-0.86,-0.12
946684803, 2000/1/1 0:0:3,0.14,-0.31,-0.01,-14.59,-1.26,-0.31
946684803, 2000/1/1 0:0:3,0.21,-0.34,-0.07,-16.63,-0.86,-0.59
946684803, 2000/1/1 0:0:3,0.03,-0.32,-0.05,-17.30,-0.67,-1.41
946684803, 2000/1/1 0:0:3,-0.10,-0.07,-0.04,-17.65,-1.14,-1.33
946684803, 2000/1/1 0:0:3,-0.29,0.29,-0.24,-18.99,-1.26,-0.67
946684803, 2000/1/1 0:0:3,-0.25,0.14,-0.33,-19.50,-0.63,-1.14
946684803, 2000/1/1 0:0:3,-0.10,-0.02,-0.28,-19.22,0.55,-1.45
946684803, 2000/1/1 0:0:3,-0.13,0.07,-0.11,-19.02,1.29,-1.33
946684803, 2000/1/1 0:0:3,-0.20,0.07,0.34,-19.77,1.22,-0.59
946684803, 2000/1/1 0:0:3,-0.25,-0.11,0.49,-19.53,1.92,-0.63
946684803, 2000/1/1 0:0:3,-0.22,-0.41,0.69,-17.42,2.12,-2.24
946684803, 2000/1/1 0:0:3,0.17,-0.78,0.79,-12.40,1.57,-3.06
946684803, 2000/1/1 0:0:3,0.19,-0.02,0.41,-6.90,-1.22,-2.28
946684803, 2000/1/1 0:0:3,-0.81,1.39,-0.29,-4.63,-4.12,0.47
946684803, 2000/1/1 0:0:3,-0.89,1.09,-0.43,-1.14,-5.77,1.22
946684803, 2000/1/1 0:0:3,-0.47,0.10,-0.37,1.02,-5.18,-0.43
946684803, 2000/1/1 0:0:3,0.04,0.05,-0.61,0.12,-0.63,0.04
946684803, 2000/1/1 0:0:3,0.38,-0.07,-0.47,-0.55,1.26,1.69
946684803, 2000/1/1 0:0:3,0.26,-0.40,-0.33,0.43,1.80,0.55
946684803, 2000/1/1 0:0:3,-0.12,-0.23,-0.29,0.00,0.55,-0.24
946684803, 2000/1/1 0:0:3,-0.18,-0.19,-0.32,-1.29,-1.45,-1.57
946684803, 2000/1/1 0:0:3,0.20,-0.42,-0.47,-1.73,-1.57,-1.29
946684803, 2000/1/1 0:0:3,0.60,-0.58,-0.60,-1.45,-1.26,-0.39
946684803, 2000/1/1 0:0:3,0.77,-0.74,-0.63,-1.22,-0.35,0.27
946684803, 2000/1/1 0:0:3,0.72,-0.81,-0.57,-0.78,-0.08,0.55
946684803, 2000/1/1 0:0:3,0.51,-0.71,-0.51,-0.63,-0.04,-0.20
946684803, 2000/1/1 0:0:3,0.15,-0.26,-0.55,-2.79,-0.39,0.59
946684803, 2000/1/1 0:0:3,0.11,-0.22,-0.57,-4.39,-0.94,1.29
946684803, 2000/1/1 0:0:3,0.24,-0.70,-0.60,-3.45,-1.26,0.63
946684803, 2000/1/1 0:0:3,-0.11,-0.60,-0.66,-9.18,-0.31,-2.71
946684803, 2000/1/1 0:0:3,-0.44,-0.51,-0.07,-14.75,2.28,-3.96
946684803, 2000/1/1 0:0:3,1.06,-0.50,0.45,-14.28,5.65,-1.88
946684803, 2000/1/1 0:0:3,0.83,0.01,1.17,-16.87,6.35,1.96
946684803, 2000/1/1 0:0:3,0.25,-0.33,2.29,-20.01,1.10,1.53
946684803, 2000/1/1 0:0:3,0.27,-0.51,2.23,-20.01,-2.08,2.04
946684803, 2000/1/1 0:0:3,0.18,-0.37,1.61,-20.01,-1.06,1.80
946684803, 2000/1/1 0:0:3,-0.05,-0.12,1.05,-19.34,-1.06,0.67
946684803, 2000/1/1 0:0:3,-0.16,-0.03,0.54,-17.38,-2.24,0.20
946684803, 2000/1/1 0:0:3,-0.05,-0.31,0.31,-15.89,-1.10,-1.73
946684803, 2000/1/1 0:0:3,-0.17,-0.15,0.27,-15.06,-2.86,-1.10
946684803, 2000/1/1 0:0:3,-0.33,0.04,-0.07,-13.77,-2.75,-0.94
946684803, 2000/1/1 0:0:3,-0.45,0.14,-0.56,-12.24,-2.24,-1.10
946684803, 2000/1/1 0:0:3,-0.34,0.01,-0.78,-12.04,-3.30,-1.10
946684803, 2000/1/1 0:0:3,0.06,-0.23,-1.22,-9.41,-1.06,-1.77
946684803, 2000/1/1 0:0:3,-0.18,0.26,-1.51,-9.65,-2.20,-0.27
946684803, 2000/1/1 0:0:3,-0.14,0.17,-1.51,-9.26,-1.02,-0.16
946684803, 2000/1/1 0:0:3,0.32,-0.35,-1.33,-9.85,-2.16,1.14
946684803, 2000/1/1 0:0:3,0.78,-0.98,-1.66,-9.92,-0.39,0.47
946684803, 2000/1/1 0:0:3,0.42,-0.88,-1.78,-8.39,0.90,-0.98
946684803, 2000/1/1 0:0:3,-0.19,0.07,-1.30,-10.08,-1.73,1.26
946684803, 2000/1/1 0:0:3,-0.01,-0.39,-1.18,-10.40,-2.51,0.67
946684803, 2000/1/1 0:0:3,0.33,-0.64,-1.37,-10.87,-4.59,0.16
946684803, 2000/1/1 0:0:3,0.34,-0.43,-2.11,-10.51,-3.73,-0.04
946684803, 2000/1/1 0:0:3,-0.40,0.31,-2.62,-11.41,-4.24,1.29
946684803, 2000/1/1 0:0:3,-0.46,-0.00,-2.51,-10.24,-4.00,0.86
946684803, 2000/1/1 0:0:3,-0.25,-0.22,-2.22,-9.85,-5.45,0.08
946684803, 2000/1/1 0:0:3,-0.01,-0.06,-2.25,-10.79,-6.90,-0.20
946684803, 2000/1/1 0:0:3,-0.31,0.39,-3.29,-10.32,-7.45,-0.12
946684803, 2000/1/1 0:0:3,-0.67,0.45,-3.74,-9.26,-6.67,0.59
946684803, 2000/1/1 0:0:3,-0.53,0.01,-3.44,-7.02,-6.04,-0.43
946684803, 2000/1/1 0:0:3,-0.35,-0.04,-2.90,-7.65,-7.30,-0.55
946684803, 2000/1/1 0:0:3,0.11,-0.12,-2.95,-7.41,-8.55,-1.49
946684803, 2000/1/1 0:0:3,-0.02,0.34,-3.75,-6.59,-7.65,-0.75
946684803, 2000/1/1 0:0:3,-0.15,0.39,-3.63,-6.83,-8.32,-0.59
946684803, 2000/1/1 0:0:3,0.17,0.11,-3.55,-3.49,-5.69,-0.67
946684803, 2000/1/1 0:0:3,-0.19,0.20,-3.11,-4.04,-7.81,-0.47
946684803, 2000/1/1 0:0:3,-0.01,0.14,-1.10,0.55,-7.14,-0.82
946684803, 2000/1/1 0:0:3,0.16,-0.15,-0.69,0.63,-7.10,-0.20
946684803, 2000/1/1 0:0:3,0.38,-0.29,-0.40,0.90,-5.88,-0.35
946684803, 2000/1/1 0:0:3,0.39,-0.19,-0.25,1.10,-5.57,0.12
946684803, 2000/1/1 0:0:3,0.06,-0.04,-0.38,1.80,-5.37,0.12
946684803, 2000/1/1 0:0:3,-0.29,0.09,-0.20,0.94,-6.55,0.31
946684803, 2000/1/1 0:0:3,0.03,-0.20,0.24,1.96,-6.12,0.12
946684803, 2000/1/1 0:0:3,0.18,-0.23,0.42,1.26,-7.10,0.08
946684803, 2000/1/1 0:0:3,0.25,-0.26,0.57,1.29,-7.61,0.08
946684803, 2000/1/1 0:0:3,-0.06,-0.20,0.97,0.47,-9.45,-0.08
946684803, 2000/1/1 0:0:3,0.26,-0.36,1.24,-0.24,-11.45,-0.71
946684803, 2000/1/1 0:0:3,0.50,-0.40,1.26,-0.75,-12.55,-0.82
946684803, 2000/1/1 0:0:3,0.41,-0.44,0.93,0.47,-11.85,-0.55
946684803, 2000/1/1 0:0:3,0.13,-0.38,0.60,1.14,-11.65,-0.12
946684803, 2000/1/1 0:0:3,-0.18,-0.27,0.29,1.49,-12.28,-0.39
946684803, 2000/1/1 0:0:3,-0.14,-0.26,0.17,0.94,-12.00,-0.82
946684803, 2000/1/1 0:0:3,-0.08,-0.17,0.14,0.20,-12.12,-0.90
946684803, 2000/1/1 0:0:3,-0.10,-0.13,0.12,-0.59,-12.43,-1.69
946684803, 2000/1/1 0:0:3,0.07,-0.16,0.17,-0.47,-11.89,-1.29
946684803, 2000/1/1 0:0:3,0.24,0.03,0.11,-0.59,-11.41,-0.47
946684803, 2000/1/1 0:0:3,0.12,0.09,-0.09,-0.90,-10.71,0.31
946684803, 2000/1/1 0:0:3,0.11,-0.09,-0.10,-0.27,-9.61,-0.12
946684803, 2000/1/1 0:0:3,0.11,-0.21,-0.12,0.16,-9.18,-0.78
946684803, 2000/1/1 0:0:3,0.03,-0.08,-0.22,0.20,-8.83,-0.51
946684803, 2000/1/1 0:0:3,-0.14,0.05,-0.31,0.12,-8.51,-0.59
946684803, 2000/1/1 0:0:3,0.01,-0.12,-0.16,0.08,-8.71,-0.16
946684803, 2000/1/1 0:0:3,0.17,-0.35,0.06,0.71,-8.36,-0.43
946684803, 2000/1/1 0:0:3,0.31,-0.33,0.13,-0.08,-8.39,-0.35
946684803, 2000/1/1 0:0:3,0.14,-0.22,0.05,-0.27,-8.16,-0.47
946684803, 2000/1/1 0:0:3,-0.09,-0.12,-0.23,0.00,-8.04,0.12
946684803, 2000/1/1 0:0:3,-0.06,-0.23,-0.08,0.16,-8.20,0.35
946684803, 2000/1/1 0:0:3,0.12,-0.35,0.11,0.24,-8.16,0.12
946684803, 2000/1/1 0:0:3,0.17,-0.32,0.14,0.51,-8.00,-0.71
946684803, 2000/1/1 0:0:3,0.12,-0.13,0.11,0.31,-7.77,-0.35
946684803, 2000/1/1 0:0:3,0.08,-0.12,-0.04,0.08,-7.73,-0.51
946684803, 2000/1/1 0:0:3,0.16,-0.10,-0.27,-0.16,-7.45,-0.20
946684803, 2000/1/1 0:0:3,0.24,-0.17,-0.28,0.31,-7.06,-0.08
946684803, 2000/1/1 0:0:3,0.23,-0.16,-0.15,0.67,-7.22,0.12
946684803, 2000/1/1 0:0:3,0.07,-0.11,-0.04,0.75,-7.61,-0.12
946684803, 2000/1/1 0:0:3,0.06,-0.10,0.15,0.27,-8.94,0.00
946684803, 2000/1/1 0:0:3,0.15,-0.20,0.12,0.24,-10.00,-0.67
946684803, 2000/1/1 0:0:3,0.01,-0.20,-0.15,0.59,-10.24,-0.90
946684803, 2000/1/1 0:0:3,-0.05,-0.09,-0.28,1.57,-10.24,0.08
946684803, 2000/1/1 0:0:3,-0.05,-0.00,-0.05,0.35,-12.16,0.16
946684803, 2000/1/1 0:0:3,0.08,-0.09,0.16,-0.12,-14.67,0.04
946684803, 2000/1/1 0:0:3,0.12,-0.07,0.07,-0.24,-16.08,0.51
946684803, 2000/1/1 0:0:3,-0.23,-0.07,0.03,-1.29,-18.83,0.16
946684803, 2000/1/1 0:0:3,-0.15,-0.32,0.18,-1.84,-20.01,-0.71
946684803, 2000/1/1 0:0:3,0.16,-0.45,0.08,-2.12,-20.01,-1.14
946684803, 2000/1/1 0:0:3,0.33,-0.50,-0.19,-0.16,-20.01,-1.53
946684803, 2000/1/1 0:0:3,0.13,-0.36,-0.28,0.31,-19.22,-1.06
946684803, 2000/1/1 0:0:3,-0.22,-0.28,-0.27,0.00,-19.30,-0.20
946684803, 2000/1/1 0:0:3,-0.05,-0.52,-0.19,0.16,-18.51,-0.75
946684803, 2000/1/1 0:0:3,0.37,-0.85,-0.19,0.98,-17.77,-2.08
946684803, 2000/1/1 0:0:3,0.08,-0.36,-0.14,-0.27,-18.16,-1.49
946684803, 2000/1/1 0:0:3,-0.06,-0.30,-0.04,-1.73,-17.02,-0.90
946684803, 2000/1/1 0:0:3,0.17,-0.62,0.02,-1.80,-13.57,-2.00
946684803, 2000/1/1 0:0:3,0.67,-0.84,0.34,-0.86,-9.38,-3.02
946684803, 2000/1/1 0:0:3,0.08,0.18,0.05,-0.47,-4.28,0.24
946684803, 2000/1/1 0:0:3,-0.49,0.41,-0.01,-0.82,-2.67,2.12
946684803, 2000/1/1 0:0:3,-0.01,-0.29,0.22,0.43,-1.88,1.06
946684803, 2000/1/1 0:0:3,0.72,-0.74,0.07,3.80,1.06,1.18
946684803, 2000/1/1 0:0:3,0.40,-0.57,-0.44,4.59,2.20,0.43
946684803, 2000/1/1 0:0:3,-0.66,-0.02,-0.79,2.43,0.39,0.20
946684803, 2000/1/1 0:0:3,-0.07,-0.33,-0.27,0.90,-0.43,-0.75
946684803, 2000/1/1 0:0:3,0.57,-0.47,0.01,0.24,-1.10,-0.35
946684803, 2000/1/1 0:0:3,0.54,-0.32,0.06,-0.86,-2.00,-0.08
946684803, 2000/1/1 0:0:3,0.40,-0.24,-0.31,-1.73,-2.16,-0.63
946684803, 2000/1/1 0:0:3,0.41,-0.19,-0.62,-1.77,-1.45,0.00
946684803, 2000/1/1 0:0:3,0.46,-0.32,-0.78,-0.78,-0.51,-0.16
946684803, 2000/1/1 0:0:3,0.56,-0.40,-0.62,-0.12,0.08,-0.75
946684803, 2000/1/1 0:0:3,0.43,-0.27,-0.60,0.04,-0.12,-1.14
946684803, 2000/1/1 0:0:3,0.15,0.01,-0.66,-0.20,-0.55,-0.55
946684803, 2000/1/1 0:0:3,0.53,-0.09,-0.42,-0.86,-1.29,-0.04
946684803, 2000/1/1 0:0:3,0.88,-0.35,-0.33,-0.12,-3.14,-0.39
946684803, 2000/1/1 0:0:3,0.71,-0.01,-0.70,1.69,-6.32,0.90
946684803, 2000/1/1 0:0:3,-0.09,0.49,-0.50,1.73,-13.14,1.73
946684803, 2000/1/1 0:0:3,0.46,-0.27,0.43,4.20,-14.83,-0.20
946684803, 2000/1/1 0:0:3,0.41,0.14,0.37,6.83,-12.94,-0.12
946684803, 2000/1/1 0:0:3,-0.84,0.80,0.35,7.34,-18.40,2.24
946684803, 2000/1/1 0:0:3,-0.65,0.42,0.90,6.35,-19.46,1.45
946684803, 2000/1/1 0:0:3,-0.03,-0.12,1.88,1.61,-20.01,0.27
946684803, 2000/1/1 0:0:3,1.19,0.23,1.96,-3.57,-15.69,2.67
946684803, 2000/1/1 0:0:3,0.04,0.66,0.76,-3.02,-14.32,3.80
946684803, 2000/1/1 0:0:3,-1.28,0.78,-0.30,-0.98,-12.36,3.61
946684803, 2000/1/1 0:0:3,-0.82,0.20,0.15,0.20,-11.81,1.41
946684803, 2000/1/1 0:0:3,-0.18,0.01,0.45,1.14,-10.83,-0.35
946684803, 2000/1/1 0:0:3,-0.21,0.37,0.47,0.00,-10.43,0.90
946684803, 2000/1/1 0:0:3,-0.22,0.31,0.51,-1.69,-9.92,1.10
946684803, 2000/1/1 0:0:3,0.16,-0.07,0.46,-1.69,-8.90,0.82
946684803, 2000/1/1 0:0:3,0.32,-0.18,0.32,-1.14,-7.65,0.78
946684803, 2000/1/1 0:0:3,0.05,-0.14,0.29,-0.78,-7.45,0.31
946684803, 2000/1/1 0:0:3,-0.15,-0.00,0.22,-1.22,-8.28,-0.08
946684803, 2000/1/1 0:0:3,0.06,-0.01,0.20,-1.02,-8.04,-0.04
946684803, 2000/1/1 0:0:3,0.21,0.00,0.25,-1.29,-8.04,0.16
946684803, 2000/1/1 0:0:3,-0.02,0.11,0.15,-1.41,-8.12,0.67
946684803, 2000/1/1 0:0:3,-0.18,0.13,0.19,-1.69,-8.28,0.67
946684803, 2000/1/1 0:0:3,-0.02,0.02,0.39,-2.55,-9.38,0.71
946684803, 2000/1/1 0:0:3,0.04,-0.04,0.33,-2.20,-9.85,0.08
946684803, 2000/1/1 0:0:3,-0.12,0.03,0.24,-2.86,-10.90,0.16
946684803, 2000/1/1 0:0:3,0.20,-0.15,0.22,-2.75,-10.32,0.16
946684803, 2000/1/1 0:0:3,-0.06,-0.06,0.10,-2.82,-11.02,0.71
946684803, 2000/1/1 0:0:3,-0.34,-0.00,-0.06,-2.90,-11.34,0.86
946684803, 2000/1/1 0:0:3,-0.08,-0.30,0.18,-2.55,-11.57,0.75
946684803, 2000/1/1 0:0:3,0.22,-0.50,0.30,-1.80,-11.34,0.59
946684803, 2000/1/1 0:0:3,0.20,-0.48,0.27,-1.69,-11.57,0.00
946684803, 2000/1/1 0:0:3,0.00,-0.26,-0.01,-1.84,-11.65,0.31
946684803, 2000/1/1 0:0:3,-0.15,-0.15,-0.32,-1.37,-10.55,1.14
946684803, 2000/1/1 0:0:3,-0.14,-0.30,-0.23,-0.67,-9.96,0.94
946684803, 2000/1/1 0:0:3,-0.08,-0.33,0.05,-1.14,-9.96,0.82
946684803, 2000/1/1 0:0:3,0.05,-0.42,0.18,-1.45,-10.20,0.04
946684803, 2000/1/1 0:0:3,-0.09,-0.25,-0.21,-1.14,-10.20,-0.12
946684803, 2000/1/1 0:0:3,-0.21,-0.14,-0.28,-0.63,-10.12,0.27
946684803, 2000/1/1 0:0:3,-0.04,-0.22,-0.03,-0.35,-10.20,-0.08
946684803, 2000/1/1 0:0:3,0.19,-0.22,0.16,-0.82,-10.24,-0.12
946684803, 2000/1/1 0:0:3,0.30,-0.16,0.06,-1.06,-10.08,0.12
946684803, 2000/1/1 0:0:3,0.23,-0.12,-0.19,-0.75,-9.14,-0.04
946684803, 2000/1/1 0:0:3,0.07,-0.03,-0.21,-0.63,-8.63,0.71
946684803, 2000/1/1 0:0:3,-0.03,-0.11,-0.04,-0.67,-8.43,0.27
946684803, 2000/1/1 0:0:3,-0.05,-0.11,0.04,-0.63,-8.63,0.24
946684803, 2000/1/1 0:0:3,0.05,-0.15,0.08,-0.82,-8.87,-0.04
946684803, 2000/1/1 0:0:3,-0.00,-0.07,0.02,-0.98,-8.75,0.63
946684803, 2000/1/1 0:0:3,-0.11,-0.13,-0.03,-0.43,-8.55,0.43
946684803, 2000/1/1 0:0:3,-0.05,-0.26,0.11,-0.16,-8.51,0.24
946684803, 2000/1/1 0:0:3,0.10,-0.26,0.12,-0.12,-8.32,0.27
946684803, 2000/1/1 0:0:3,0.13,-0.27,0.04,-0.12,-8.32,0.04
946684803, 2000/1/1 0:0:3,0.08,-0.20,-0.31,0.20,-7.53,0.12
946684803, 2000/1/1 0:0:3,-0.13,-0.12,-0.38,0.16,-7.37,0.20
946684803, 2000/1/1 0:0:3,-0.01,-0.16,-0.28,0.00,-7.53,0.00
946684803, 2000/1/1 0:0:3,0.18,-0.17,-0.22,-0.35,-7.77,0.27
946684803, 2000/1/1 0:0:3,0.17,-0.20,-0.29,-0.24,-8.00,0.16
946684803, 2000/1/1 0:0:3,0.09,-0.20,-0.35,0.08,-8.12,0.31
946684803, 2000/1/1 0:0:3,0.22,-0.22,-0.03,0.27,-8.24,0.59
946684803, 2000/1/1 0:0:3,0.33,-0.28,0.10,-1.06,-10.55,0.98
946684803, 2000/1/1 0:0:3,0.39,-0.43,-0.03,-1.10,-12.04,0.90
946684803, 2000/1/1 0:0:3,0.32,-0.51,-0.41,-0.16,-13.18,0.24
946684803, 2000/1/1 0:0:3,-0.22,-0.22,-0.63,0.04,-13.96,-0.08
946684803, 2000/1/1 0:0:3,-0.22,-0.07,-0.45,-0.82,-15.97,0.94
946684803, 2000/1/1 0:0:3,0.19,-0.37,-0.15,-1.14,-17.53,0.35
946684803, 2000/1/1 0:0:3,0.23,-0.42,-0.13,-2.55,-19.26,0.43
946684803, 2000/1/1 0:0:3,0.02,-0.30,-0.34,-2.86,-19.97,0.59
946684803, 2000/1/1 0:0:3,-0.11,-0.28,-0.54,-2.55,-20.01,0.94
946684803, 2000/1/1 0:0:3,0.11,-0.53,-0.31,0.24,-19.85,0.63
946684803, 2000/1/1 0:0:3,-0.09,-0.50,-0.24,1.18,-19.85,0.08
946684803, 2000/1/1 0:0:3,-0.56,-0.26,-0.45,0.27,-19.46,0.24
946684803, 2000/1/1 0:0:3,-0.36,-0.42,-0.19,-2.16,-18.63,1.69
946684803, 2000/1/1 0:0:3,0.40,-1.17,0.48,-3.06,-16.04,1.33
946684803, 2000/1/1 0:0:3,0.95,-1.61,1.03,-3.26,-13.22,-1.33
946684803, 2000/1/1 0:0:3,0.43,-1.08,0.57,-0.20,-10.20,-4.90
946684803, 2000/1/1 0:0:3,-0.72,0.02,-0.53,0.71,-7.10,-2.35
946684803, 2000/1/1 0:0:3,-0.05,0.34,-0.79,4.31,0.67,1.84
946684803, 2000/1/1 0:0:3,0.96,-0.30,0.04,4.35,3.45,2.90
946684803, 2000/1/1 0:0:3,0.97,-0.59,0.31,4.00,2.82,1.69
946684803, 2000/1/1 0:0:3,0.10,-0.39,-0.56,2.75,2.43,0.39
946684803, 2000/1/1 0:0:3,-0.29,-0.25,-0.31,0.55,0.31,-0.04
946684803, 2000/1/1 0:0:3,-0.03,-0.39,0.24,-1.06,-1.53,0.00
946684803, 2000/1/1 0:0:3,0.06,-0.52,0.33,-2.55,-3.53,-0.78
946684803, 2000/1/1 0:0:3,-0.01,-0.48,-0.20,-2.63,-3.77,-2.04
946684803, 2000/1/1 0:0:3,-0.27,-0.16,-0.97,-0.98,-2.67,-2.20
946684803, 2000/1/1 0:0:3,-0.49,0.43,-1.47,-0.71,-2.00,-1.37
946684803, 2000/1/1 0:0:3,-0.07,0.29,-1.24,0.20,-1.02,-0.12
946684803, 2000/1/1 0:0:3,0.49,-0.10,-0.91,0.55,-0.59,0.24
946684803, 2000/1/1 0:0:3,0.51,-0.03,-0.91,0.55,-0.78,0.47
946684803, 2000/1/1 0:0:3,0.47,0.02,-1.09,0.82,-0.98,-0.16
946684803, 2000/1/1 0:0:3,0.34,0.25,-1.18,1.41,-2.35,1.69
946684803, 2000/1/1 0:0:3,0.08,0.33,-1.20,2.94,-4.04,2.43
946684803, 2000/1/1 0:0:3,-0.37,0.31,-1.14,5.92,-7.77,0.82
946684803, 2000/1/1 0:0:3,-0.23,-0.28,0.35,4.04,-12.20,-1.77
946684803, 2000/1/1 0:0:3,0.38,-0.16,1.08,7.37,-8.55,-3.49
946684803, 2000/1/1 0:0:3,-0.65,0.63,1.82,5.37,-15.42,0.98
946684803, 2000/1/1 0:0:3,-0.26,0.27,2.30,2.94,-20.01,0.59
946684803, 2000/1/1 0:0:3,0.20,0.03,2.86,-0.35,-20.01,1.37
946684803, 2000/1/1 0:0:3,1.08,-0.49,2.99,-2.98,-20.01,2.20
946684803, 2000/1/1 0:0:3,1.63,-0.83,2.28,-2.24,-17.97,1.73
946684803, 2000/1/1 0:0:3,0.59,-0.02,1.25,-3.18,-15.73,3.14
946684803, 2000/1/1 0:0:3,-0.24,0.38,0.22,-2.24,-13.49,3.14
946684803, 2000/1/1 0:0:3,0.15,-0.15,0.25,-0.67,-11.57,3.84
946684803, 2000/1/1 0:0:3,0.62,-0.89,0.70,-0.08,-10.55,2.79
946684803, 2000/1/1 0:0:3,0.79,-1.36,0.94,-0.47,-9.53,1.45
946684803, 2000/1/1 0:0:3,1.06,-1.77,1.10,-0.75,-8.90,-0.63
946684803, 2000/1/1 0:0:3,0.71,-0.99,0.22,-2.35,-9.14,1.53
946684803, 2000/1/1 0:0:3,0.33,-0.63,-0.04,-2.86,-8.71,3.18
946684803, 2000/1/1 0:0:3,1.21,-1.56,0.47,-3.26,-8.59,4.20
946684803, 2000/1/1 0:0:3,2.50,-3.10,1.38,-1.02,-7.34,2.43
946684803, 2000/1/1 0:0:3,3.40,-3.62,2.71,0.27,-7.26,-0.04
946684803, 2000/1/1 0:0:3,2.48,-2.01,2.05,-0.78,-7.37,2.35
946684803, 2000/1/1 0:0:3,0.87,-0.73,0.87,-3.22,-8.67,5.73
946684803, 2000/1/1 0:0:3,0.98,-1.45,0.91,-1.84,-8.28,5.37
946684803, 2000/1/1 0:0:3,2.24,-3.01,1.98,-0.04,-7.77,3.84
946684803, 2000/1/1 0:0:3,2.88,-3.62,3.32,-1.61,-9.53,4.16
946684803, 2000/1/1 0:0:3,3.05,-3.08,2.55,0.27,-8.04,2.28
946684803, 2000/1/1 0:0:3,2.04,-1.36,1.58,-2.71,-7.41,6.94
946684803, 2000/1/1 0:0:3,1.62,-1.05,1.18,-3.84,-6.71,8.43
946684803, 2000/1/1 0:0:3,2.59,-2.58,2.09,-0.94,-4.98,6.98
946684803, 2000/1/1 0:0:3,2.29,-2.64,2.42,-0.27,-4.79,7.06
946684803, 2000/1/1 0:0:3,1.58,-2.14,2.16,-0.31,-4.16,6.71
946684803, 2000/1/1 0:0:3,0.95,-1.45,1.79,-2.00,-4.39,8.32
946684803, 2000/1/1 0:0:3,0.55,-1.29,1.67,-2.16,-4.43,8.08
946684803, 2000/1/1 0:0:3,0.87,-2.01,2.03,-0.43,-4.51,7.61
946684803, 2000/1/1 0:0:3,0.63,-2.06,2.07,-0.39,-3.92,7.22
946684803, 2000/1/1 0:0:3,0.17,-1.80,1.88,0.43,-4.75,6.79
946684803, 2000/1/1 0:0:3,0.14,-0.96,1.33,-0.12,-4.75,7.65
946684803, 2000/1/1 0:0:3,0.14,-0.74,1.01,-0.90,-4.43,8.51
946684803, 2000/1/1 0:0:3,0.18,-0.76,0.90,-0.75,-4.71,8.00
946684803, 2000/1/1 0:0:3,0.36,-0.73,0.75,-0.43,-4.98,7.53
946684803, 2000/1/1 0:0:3,0.53,-0.56,0.47,-0.55,-4.16,8.43
946684803, 2000/1/1 0:0:3,0.86,-0.39,0.31,-0.75,-3.53,8.47
946684803, 2000/1/1 0:0:3,0.74,-0.42,0.27,-0.86,-2.75,7.77
946684803, 2000/1/1 0:0:3,0.32,-0.45,0.30,-0.71,-2.71,6.86
946684803, 2000/1/1 0:0:3,0.08,-0.55,0.41,-0.98,-3.88,6.55
946684803, 2000/1/1 0:0:3,0.64,-0.80,0.33,-0.08,-3.22,5.96
946684803, 2000/1/1 0:0:3,0.83,-0.54,0.17,-0.39,-2.16,6.16
946684803, 2000/1/1 0:0:3,0.88,-0.36,0.11,-0.43,-1.49,5.53
946684803, 2000/1/1 0:0:3,0.77,-0.13,0.00,-1.29,-1.33,6.43
946684803, 2000/1/1 0:0:3,0.82,-0.20,-0.28,-0.63,-0.39,7.22
946684803, 2000/1/1 0:0:3,1.45,-0.47,-0.19,0.47,0.08,6.79
946684803, 2000/1/1 0:0:3,1.63,0.01,-0.09,0.35,0.71,7.22
946684803, 2000/1/1 0:0:3,1.51,0.39,-0.18,-0.94,1.37,9.06
946684803, 2000/1/1 0:0:3,1.38,0.10,-0.09,-0.43,1.18,9.65
946684803, 2000/1/1 0:0:3,1.43,-0.22,0.04,-0.67,1.06,8.94
946684803, 2000/1/1 0:0:3,1.40,-0.08,0.09,-0.31,1.41,10.24
946684803, 2000/1/1 0:0:3,1.40,0.03,0.20,0.04,2.28,11.41
946684803, 2000/1/1 0:0:3,1.02,0.08,0.35,-0.16,0.67,10.90
946684803, 2000/1/1 0:0:3,1.18,0.12,0.27,-0.98,0.39,10.47
946684803, 2000/1/1 0:0:3,1.33,0.08,0.04,-1.65,0.47,10.28
946684803, 2000/1/1 0:0:3,1.58,-0.10,-0.14,-0.90,0.75,10.51
946684803, 2000/1/1 0:0:3,1.87,-0.16,-0.37,-0.20,2.75,10.90
946684803, 2000/1/1 0:0:3,1.71,0.27,-0.07,-0.04,3.30,11.34
946684803, 2000/1/1 0:0:3,1.52,0.46,0.10,-1.10,2.35,11.34
946684803, 2000/1/1 0:0:3,1.65,0.23,0.01,-1.37,2.63,10.40
946684803, 2000/1/1 0:0:3,1.86,0.02,-0.11,-1.26,3.10,10.36
946684803, 2000/1/1 0:0:3,1.92,0.14,-0.28,-1.41,4.28,11.38
946684803, 2000/1/1 0:0:3,1.81,0.03,-0.38,-1.77,5.30,11.77
946684803, 2000/1/1 0:0:3,1.28,-0.34,-0.20,-1.80,3.53,10.79
946684803, 2000/1/1 0:0:3,1.31,-0.38,-0.33,-1.53,4.16,10.28
946684803, 2000/1/1 0:0:3,1.43,-0.38,-0.28,-1.41,5.30,9.85
946684803, 2000/1/1 0:0:3,1.33,-0.09,-0.05,-2.35,5.69,10.90
946684803, 2000/1/1 0:0:3,1.17,0.01,0.03,-2.51,5.57,10.83
946684803, 2000/1/1 0:0:3,1.16,0.02,-0.03,-2.12,5.18,10.63
946684803, 2000/1/1 0:0:3,1.15,0.06,-0.20,-1.77,5.77,10.71
946684803, 2000/1/1 0:0:3,1.17,0.07,-0.18,-1.88,5.84,11.14
946684803, 2000/1/1 0:0:3,0.93,0.11,-0.13,-1.69,5.18,11.61
946684803, 2000/1/1 0:0:3,0.90,-0.04,-0.17,-1.57,5.26,11.61
946684803, 2000/1/1 0:0:3,0.81,-0.02,-0.20,-1.29,5.49,12.16
946684803, 2000/1/1 0:0:3,0.73,-0.00,-0.08,-1.57,5.22,12.47
946684803, 2000/1/1 0:0:3,0.29,-0.04,-0.14,-2.08,4.82,13.22
946684803, 2000/1/1 0:0:3,0.12,-0.30,-0.22,-1.37,4.75,12.83
946684803, 2000/1/1 0:0:3,0.04,-0.36,-0.21,-0.94,4.94,12.32
946684803, 2000/1/1 0:0:3,-0.12,-0.20,-0.12,-1.41,4.35,13.02
946684803, 2000/1/1 0:0:3,-0.22,-0.22,-0.10,-1.26,4.43,12.91
946684803, 2000/1/1 0:0:3,-0.36,-0.33,-0.15,-0.78,4.67,12.75
946684803, 2000/1/1 0:0:3,-0.54,-0.32,-0.16,-1.10,5.22,12.83
946684803, 2000/1/1 0:0:3,-0.70,-0.33,-0.07,-0.98,5.02,12.40
946684803, 2000/1/1 0:0:3,-0.84,-0.41,-0.04,-0.94,5.26,11.65
946684803, 2000/1/1 0:0:3,-0.88,-0.46,0.01,-0.98,5.02,11.14
946684803, 2000/1/1 0:0:3,-0.83,-0.49,0.07,-0.86,5.18,10.67
946684803, 2000/1/1 0:0:3,-0.85,-0.50,0.08,-0.86,5.45,10.71
946684803, 2000/1/1 0:0:3,-0.89,-0.46,0.22,-0.31,5.49,10.28
946684803, 2000/1/1 0:0:3,-0.98,-0.19,0.40,-0.59,5.06,10.36
946684803, 2000/1/1 0:0:3,-1.00,0.19,0.51,-0.90,4.94,10.71
946684803, 2000/1/1 0:0:3,-0.94,0.20,0.49,-1.65,4.43,11.57
946684803, 2000/1/1 0:0:3,-0.87,-0.04,0.43,-1.88,4.20,11.96
946684803, 2000/1/1 0:0:3,-0.92,-0.39,0.15,-1.22,4.47,11.73
946684803, 2000/1/1 0:0:3,-1.09,-0.34,0.11,-1.02,4.71,11.30
946684803, 2000/1/1 0:0:3,-1.30,-0.34,0.13,-1.10,4.12,11.57
946684803, 2000/1/1 0:0:3,-1.38,-0.49,0.15,-1.18,3.69,11.34
946684803, 2000/1/1 0:0:3,-1.44,-0.49,0.22,-0.78,3.49,11.10
946684803, 2000/1/1 0:0:3,-1.36,-0.33,0.26,-0.82,2.90,11.41
946684803, 2000/1/1 0:0:3,-1.20,-0.35,0.21,-1.22,2.47,11.69
946684803, 2000/1/1 0:0:3,-1.50,-0.49,0.03,-0.82,3.45,11.30
946684803, 2000/1/1 0:0:3,-1.67,-0.47,0.27,-0.24,2.82,11.30
946684803, 2000/1/1 0:0:3,-1.65,-0.39,0.38,-0.47,1.92,11.49
946684803, 2000/1/1 0:0:3,-1.78,-0.24,0.28,-1.29,1.84,11.61
946684803, 2000/1/1 0:0:3,-2.02,-0.30,0.15,-1.88,0.82,12.16
946684803, 2000/1/1 0:0:3,-1.72,-0.91,-0.12,-1.02,0.90,10.71
946684803, 2000/1/1 0:0:3,-1.54,-0.93,-0.23,0.24,1.92,9.65
946684803, 2000/1/1 0:0:3,-1.70,-0.57,-0.08,0.24,1.65,9.41
946684803, 2000/1/1 0:0:3,-1.80,-0.38,0.04,-0.51,0.94,9.49
946684803, 2000/1/1 0:0:3,-1.65,-0.41,0.09,-0.90,-0.39,8.47
946684803, 2000/1/1 0:0:3,-1.38,-0.36,-0.07,-0.63,-0.31,8.20
946684803, 2000/1/1 0:0:3,-1.20,-0.25,-0.29,-0.67,0.35,8.67
946684803, 2000/1/1 0:0:3,-1.35,-0.36,-0.32,-0.67,0.04,8.67
946684803, 2000/1/1 0:0:3,-1.53,-0.67,-0.05,0.59,0.04,7.30
946684803, 2000/1/1 0:0:3,-1.41,-0.38,0.13,0.39,-1.02,7.22
946684803, 2000/1/1 0:0:3,-1.43,-0.30,0.17,-0.20,-2.16,8.04
946684803, 2000/1/1 0:0:3,-1.50,-0.62,0.11,0.08,-2.51,7.37
946684803, 2000/1/1 0:0:3,-1.54,-0.75,0.09,0.86,-3.06,6.55
946684803, 2000/1/1 0:0:3,-1.35,-0.59,0.09,0.31,-3.33,6.51
946684803, 2000/1/1 0:0:3,-1.25,-0.41,0.08,0.27,-3.69,6.28
946684803, 2000/1/1 0:0:3,-1.28,-0.36,0.05,0.35,-3.69,6.16
946684803, 2000/1/1 0:0:3,-1.19,-0.38,0.04,0.08,-3.73,6.32
946684803, 2000/1/1 0:0:3,-1.43,-0.56,0.18,0.24,-4.08,5.53
946684803, 2000/1/1 0:0:3,-1.50,-0.64,0.25,0.82,-5.41,4.51
946684803, 2000/1/1 0:0:3,-1.13,-0.35,0.11,1.18,-5.06,4.71
946684803, 2000/1/1 0:0:3,-1.08,-0.17,0.06,0.20,-5.45,5.30
946684803, 2000/1/1 0:0:3,-1.16,-0.42,0.16,0.67,-5.84,4.55
946684803, 2000/1/1 0:0:3,-1.17,-0.49,0.19,0.90,-6.59,3.77
946684803, 2000/1/1 0:0:3,-0.82,-0.33,0.10,0.98,-6.08,4.08
946684803, 2000/1/1 0:0:3,-0.70,-0.25,0.21,0.71,-6.47,4.35
946684803, 2000/1/1 0:0:3,-0.71,-0.40,0.30,0.31,-6.20,3.69
946684803, 2000/1/1 0:0:3,-0.74,-0.45,0.29,0.24,-7.26,2.28
946684803, 2000/1/1 0:0:3,-0.45,-0.23,0.06,0.12,-7.22,2.43
946684803, 2000/1/1 0:0:3,-0.34,-0.01,-0.06,0.63,-7.30,2.63
946684803, 2000/1/1 0:0:3,-0.15,-0.13,-0.05,0.59,-6.20,2.39
946684803, 2000/1/1 0:0:3,-0.04,-0.19,0.08,0.82,-6.79,2.00
946684803, 2000/1/1 0:0:3,0.13,-0.14,0.14,1.26,-7.02,1.69
946684803, 2000/1/1 0:0:3,0.34,0.09,0.10,0.16,-7.02,2.90
946684803, 2000/1/1 0:0:3,0.64,-0.02,0.02,0.39,-6.79,2.98
946684803, 2000/1/1 0:0:3,0.73,0.01,0.01,0.78,-6.90,2.94
946684803, 2000/1/1 0:0:3,0.87,0.06,-0.02,1.14,-6.32,4.00
946684803, 2000/1/1 0:0:3,0.97,0.09,-0.02,1.14,-5.73,4.39
946684803, 2000/1/1 0:0:3,0.94,0.27,0.05,0.51,-5.53,4.67
946684803, 2000/1/1 0:0:3,0.96,0.15,0.16,0.24,-6.28,4.79
946684803, 2000/1/1 0:0:3,1.19,-0.01,0.14,0.59,-6.08,4.98
946684803, 2000/1/1 0:0:3,1.26,0.13,0.04,-0.12,-5.45,5.77
946684803, 2000/1/1 0:0:3,1.38,-0.03,-0.03,0.55,-5.18,5.53
946684803, 2000/1/1 0:0:3,1.42,0.07,-0.09,0.55,-4.55,5.96
946684803, 2000/1/1 0:0:3,1.48,0.05,-0.05,0.51,-4.35,6.39
946684803, 2000/1/1 0:0:3,1.54,-0.03,0.02,0.98,-4.24,6.28
946684803, 2000/1/1 0:0:3,1.46,0.12,0.03,-0.04,-3.77,7.06
946684803, 2000/1/1 0:0:3,1.40,0.07,0.03,0.04,-3.80,6.98
946684803, 2000/1/1 0:0:3,1.43,-0.00,0.03,0.04,-3.10,7.26
946684803, 2000/1/1 0:0:3,1.46,0.06,-0.03,0.16,-2.47,7.88
946684803, 2000/1/1 0:0:3,1.67,-0.04,-0.01,0.86,-2.51,7.85
946684803, 2000/1/1 0:0:3,1.63,0.04,0.03,-0.67,-2.28,8.55
946684803, 2000/1/1 0:0:3,1.39,-0.00,0.02,-0.04,-2.12,8.87
946684803, 2000/1/1 0:0:3,1.35,-0.07,-0.01,0.35,-1.29,8.90
946684803, 2000/1/1 0:0:3,1.15,-0.10,0.11,0.31,-1.26,8.83
946684803, 2000/1/1 0:0:3,1.34,-0.22,0.13,0.90,-0.27,8.39
946684803, 2000/1/1 0:0:3,1.35,0.03,0.02,0.55,-0.51,9.26
946684803, 2000/1/1 0:0:3,1.31,0.04,0.04,-0.04,0.08,9.45
946684803, 2000/1/1 0:0:3,1.54,0.03,0.08,0.59,-0.16,9.61
946684803, 2000/1/1 0:0:3,1.98,0.28,0.00,0.24,0.63,10.32
946684803, 2000/1/1 0:0:3,2.06,0.49,-0.01,-0.31,1.37,11.26
946684803, 2000/1/1 0:0:3,1.90,0.36,-0.05,-1.69,1.65,11.73
946684803, 2000/1/1 0:0:3,1.72,0.05,-0.07,-1.02,1.33,11.18
946684803, 2000/1/1 0:0:3,1.81,-0.12,-0.14,0.04,1.49,10.00
946684803, 2000/1/1 0:0:3,1.97,0.06,-0.20,0.04,2.71,9.92
946684803, 2000/1/1 0:0:3,2.16,0.43,-0.14,-0.82,2.75,10.87
946684803, 2000/1/1 0:0:3,2.15,0.31,-0.17,-1.18,3.06,11.92
946684803, 2000/1/1 0:0:3,2.00,0.14,-0.24,-0.94,3.33,11.65
946684803, 2000/1/1 0:0:3,1.98,-0.09,-0.15,-1.06,3.37,11.10
946684803, 2000/1/1 0:0:3,1.82,-0.18,-0.27,-0.63,3.88,10.00
946684803, 2000/1/1 0:0:3,1.71,-0.04,-0.29,0.08,4.67,9.53
946684803, 2000/1/1 0:0:3,1.59,0.15,-0.16,-0.94,4.51,10.43
946684803, 2000/1/1 0:0:3,1.47,0.11,-0.09,-2.20,4.12,10.90
946684803, 2000/1/1 0:0:3,1.50,-0.41,-0.21,-1.57,5.33,9.30
946684803, 2000/1/1 0:0:3,1.43,-0.38,-0.34,-0.08,6.08,8.24
946684803, 2000/1/1 0:0:3,1.42,-0.02,-0.24,-0.55,6.12,8.67
946684803, 2000/1/1 0:0:3,1.39,0.22,-0.16,-1.92,5.88,9.81
946684803, 2000/1/1 0:0:3,1.15,0.14,-0.18,-2.51,6.00,9.73
946684803, 2000/1/1 0:0:3,1.10,-0.31,-0.23,-1.96,6.59,8.79
946684803, 2000/1/1 0:0:3,1.21,-0.28,-0.36,0.39,6.94,7.88
946684803, 2000/1/1 0:0:3,1.48,0.08,-0.31,-0.31,7.77,8.94
946684803, 2000/1/1 0:0:3,1.53,0.33,-0.15,-1.65,7.73,10.24
946684803, 2000/1/1 0:0:3,1.26,-0.02,-0.13,-2.47,7.30,10.59
946684803, 2000/1/1 0:0:3,1.14,-0.36,-0.24,-1.41,8.36,9.45
946684803, 2000/1/1 0:0:3,1.01,-0.25,-0.25,-0.27,8.51,8.98
946684803, 2000/1/1 0:0:3,1.07,0.07,-0.14,-0.86,8.75,9.89
946684803, 2000/1/1 0:0:3,0.86,0.22,0.01,-1.84,8.08,10.79
946684803, 2000/1/1 0:0:3,0.85,-0.13,-0.03,-1.96,7.61,10.63
946684803, 2000/1/1 0:0:3,0.81,-0.33,-0.11,-0.71,7.69,9.85
946684803, 2000/1/1 0:0:3,0.72,-0.16,-0.10,-1.45,7.53,10.04
946684803, 2000/1/1 0:0:3,0.68,-0.11,-0.09,-1.53,7.77,10.75
946684803, 2000/1/1 0:0:3,0.40,-0.01,-0.09,-0.86,8.08,11.34
946684803, 2000/1/1 0:0:3,0.20,0.08,0.01,-1.49,7.77,12.24
946684803, 2000/1/1 0:0:3,-0.03,-0.09,0.06,-1.80,7.26,12.40
946684803, 2000/1/1 0:0:3,-0.19,-0.29,-0.04,-1.53,7.73,12.40
946684803, 2000/1/1 0:0:3,-0.38,-0.36,-0.11,-1.06,8.55,12.51
946684803, 2000/1/1 0:0:3,-0.81,-0.46,-0.04,-1.22,8.04,12.20
946684803, 2000/1/1 0:0:3,-1.16,-0.56,0.16,-1.18,7.57,11.81
946684803, 2000/1/1 0:0:3,-1.20,-0.62,0.21,-0.90,7.49,11.18
946684803, 2000/1/1 0:0:3,-1.34,-0.59,0.22,-1.14,7.14,10.87
946684803, 2000/1/1 0:0:3,-1.40,-0.55,0.19,-0.98,7.41,10.51
946684803, 2000/1/1 0:0:3,-1.48,-0.42,0.19,-0.90,7.41,10.71
946684803, 2000/1/1 0:0:3,-1.45,-0.39,0.26,-0.71,7.18,10.87
946684803, 2000/1/1 0:0:3,-1.52,-0.39,0.32,-0.98,6.86,11.18
946684803, 2000/1/1 0:0:3,-1.56,-0.48,0.33,-0.90,6.28,11.10
946684803, 2000/1/1 0:0:3,-1.51,-0.57,0.26,-0.75,6.35,10.55
946684803, 2000/1/1 0:0:3,-1.61,-0.48,0.26,-0.55,6.24,10.63
946684803, 2000/1/1 0:0:3,-1.61,-0.34,0.34,-0.67,5.81,10.67
946684803, 2000/1/1 0:0:3,-1.69,-0.18,0.40,-1.14,5.45,11.06
946684803, 2000/1/1 0:0:3,-1.82,-0.31,0.31,-1.02,5.37,10.98
946684803, 2000/1/1 0:0:3,-1.81,-0.30,0.34,-0.67,4.94,10.59
946684803, 2000/1/1 0:0:3,-1.68,-0.22,0.35,-0.55,5.02,10.55
946684803, 2000/1/1 0:0:3,-1.71,-0.20,0.26,-0.24,4.94,10.63
946684803, 2000/1/1 0:0:3,-1.74,-0.21,0.27,-0.75,4.35,10.75
946684803, 2000/1/1 0:0:3,-1.65,-0.39,0.25,-0.43,4.00,10.20
946684803, 2000/1/1 0:0:3,-1.37,-0.32,0.18,0.27,3.65,9.65
946684803, 2000/1/1 0:0:3,-1.14,-0.14,0.08,0.20,3.26,10.20
946684803, 2000/1/1 0:0:3,-1.05,-0.09,0.04,-0.47,2.67,10.32
946684803, 2000/1/1 0:0:3,-0.71,-0.31,0.05,-0.71,2.47,10.24
946684803, 2000/1/1 0:0:3,-0.62,-0.39,-0.05,0.08,3.06,10.32
946684803, 2000/1/1 0:0:3,-0.92,-0.28,-0.04,-0.31,2.71,10.67
946684803, 2000/1/1 0:0:3,-1.20,-0.40,0.09,-0.82,2.24,10.20
946684803, 2000/1/1 0:0:3,-1.08,-0.52,0.15,-0.90,1.26,9.26
946684803, 2000/1/1 0:0:3,-0.88,-0.35,-0.21,-0.12,2.16,8.90
946684803, 2000/1/1 0:0:3,-1.27,-0.36,-0.10,0.04,1.22,8.39
946684803, 2000/1/1 0:0:3,-1.45,-0.53,0.18,-0.39,0.12,7.49
946684803, 2000/1/1 0:0:3,-1.10,-0.63,0.23,-0.31,-0.24,6.32
946684803, 2000/1/1 0:0:3,-0.74,-0.34,-0.02,0.00,-0.55,6.55
946684803, 2000/1/1 0:0:3,-0.74,-0.11,-0.18,0.59,0.82,7.41
946684803, 2000/1/1 0:0:3,-1.06,-0.06,0.08,0.04,0.12,7.65
946684803, 2000/1/1 0:0:3,-1.10,-0.22,0.34,-0.82,-2.28,7.77
946684803, 2000/1/1 0:0:3,-0.33,-0.40,0.01,-0.51,-1.37,6.55
946684803, 2000/1/1 0:0:3,-0.59,-0.18,-0.18,-0.08,-1.18,6.59
946684803, 2000/1/1 0:0:3,-0.75,-0.14,-0.14,0.27,-1.37,6.71
946684803, 2000/1/1 0:0:3,-0.57,-0.17,0.01,0.00,-1.96,6.98
946684803, 2000/1/1 0:0:3,-0.63,-0.26,0.12,-0.31,-2.71,6.24
946684803, 2000/1/1 0:0:3,-0.63,-0.26,0.06,0.00,-2.75,5.53
946684803, 2000/1/1 0:0:3,-0.27,-0.12,-0.23,0.78,-2.16,5.88
946684803, 2000/1/1 0:0:3,-0.44,-0.18,-0.05,0.51,-2.94,5.61
946684803, 2000/1/1 0:0:3,-0.47,-0.20,0.16,-0.43,-3.69,6.32
946684803, 2000/1/1 0:0:3,-0.43,-0.33,0.16,-0.67,-3.53,6.28
946684803, 2000/1/1 0:0:3,-0.65,-0.24,0.20,-0.31,-3.45,5.49
946684803, 2000/1/1 0:0:3,-0.51,-0.13,0.23,-1.06,-3.77,6.32
946684803, 2000/1/1 0:0:3,-0.41,-0.37,0.20,-0.63,-4.79,5.18
946684803, 2000/1/1 0:0:3,-0.48,-0.33,0.15,-0.55,-5.57,4.75
946684803, 2000/1/1 0:0:3,-0.20,-0.31,0.01,0.35,-4.43,5.06
946684803, 2000/1/1 0:0:3,0.03,-0.20,0.07,0.31,-4.35,5.10
946684803, 2000/1/1 0:0:3,0.17,-0.16,0.18,0.24,-4.55,5.37
946684803, 2000/1/1 0:0:3,0.33,0.04,0.02,0.75,-3.41,5.53
946684803, 2000/1/1 0:0:3,0.24,0.16,0.04,0.00,-3.37,6.94
946684803, 2000/1/1 0:0:3,0.16,-0.05,0.12,0.00,-3.18,7.06
946684803, 2000/1/1 0:0:3,0.03,-0.16,0.25,-0.12,-3.06,6.75
946684803, 2000/1/1 0:0:3,0.31,-0.23,0.33,-0.04,-4.24,6.59
946684803, 2000/1/1 0:0:3,0.54,-0.17,0.07,0.75,-3.10,6.35
946684803, 2000/1/1 0:0:3,0.46,-0.04,0.06,0.16,-2.67,6.83
946684803, 2000/1/1 0:0:3,0.49,-0.15,0.22,1.45,-3.57,6.24
946684803, 2000/1/1 0:0:3,0.52,0.11,0.21,0.12,-2.31,7.49
946684803, 2000/1/1 0:0:3,0.49,0.14,0.24,-1.06,-2.12,8.36
946684803, 2000/1/1 0:0:3,0.71,-0.30,0.34,0.98,-2.31,7.34
946684803, 2000/1/1 0:0:3,0.49,0.08,0.13,-0.12,-1.22,8.59
946684803, 2000/1/1 0:0:3,0.25,0.05,0.22,-1.02,-1.14,8.98
946684803, 2000/1/1 0:0:3,0.27,-0.46,0.48,-0.08,-2.90,7.45
946684803, 2000/1/1 0:0:3,0.39,-0.61,0.44,0.98,-2.75,7.22
946684803, 2000/1/1 0:0:3,0.53,-0.30,0.36,0.63,-1.77,7.37
946684803, 2000/1/1 0:0:3,0.71,-0.09,0.22,0.00,-2.35,8.55
946684803, 2000/1/1 0:0:3,0.73,-0.19,0.01,0.20,-2.47,8.83
946684803, 2000/1/1 0:0:3,0.52,-0.14,-0.08,-0.47,-1.41,8.94
946684803, 2000/1/1 0:0:3,0.59,-0.34,0.01,-0.71,-2.47,9.18
946684803, 2000/1/1 0:0:3,0.91,-0.46,-0.08,0.82,-2.12,9.02
946684803, 2000/1/1 0:0:3,0.78,-0.31,-0.19,-0.71,-2.04,10.36
946684803, 2000/1/1 0:0:3,0.52,-0.67,-0.23,0.12,-1.45,9.34
946684803, 2000/1/1 0:0:3,0.38,-0.66,-0.16,2.47,-0.98,7.92
946684803, 2000/1/1 0:0:3,0.64,0.48,-0.03,1.29,-1.02,8.63
946684803, 2000/1/1 0:0:3,0.54,0.95,0.01,0.20,-1.96,10.32
946684803, 2000/1/1 0:0:3,0.39,0.46,-0.05,-0.94,-1.45,11.57
946684803, 2000/1/1 0:0:3,0.56,-0.83,-0.10,-0.27,-0.67,10.75
946684803, 2000/1/1 0:0:3,0.28,-0.65,-0.15,0.82,-0.27,9.77
946684803, 2000/1/1 0:0:3,0.21,0.05,-0.08,2.86,-0.24,8.94
946684803, 2000/1/1 0:0:3,0.01,0.96,0.02,1.57,-0.78,9.81
946684803, 2000/1/1 0:0:3,-0.23,1.42,0.16,-1.92,-2.67,13.45
946684803, 2000/1/1 0:0:3,0.67,-0.61,-0.02,-0.12,-0.24,11.14
946684803, 2000/1/1 0:0:3,0.46,-0.70,-0.02,1.02,-0.67,10.36
946684803, 2000/1/1 0:0:3,0.33,-0.18,-0.13,1.49,-0.51,10.43
946684803, 2000/1/1 0:0:3,0.60,0.22,0.13,1.53,-0.20,10.04
946684803, 2000/1/1 0:0:3,0.41,0.55,0.20,-1.61,-2.59,13.49
946684803, 2000/1/1 0:0:3,1.01,-0.19,0.10,-0.51,-1.69,12.36
946684803, 2000/1/1 0:0:3,0.99,-0.14,-0.12,0.20,-0.39,12.32
946684803, 2000/1/1 0:0:3,0.68,0.14,-0.21,-0.39,-0.59,13.14
946684803, 2000/1/1 0:0:3,0.63,-0.06,-0.20,-0.43,-0.04,12.12
946684803, 2000/1/1 0:0:3,0.55,-0.09,-0.06,-0.35,-1.02,12.83
946684803, 2000/1/1 0:0:3,0.68,-0.30,-0.21,0.47,-0.35,12.83
946684803, 2000/1/1 0:0:3,0.56,-0.28,-0.26,0.24,-0.98,12.75
946684803, 2000/1/1 0:0:3,0.52,-0.30,-0.39,0.47,0.12,12.40
946684803, 2000/1/1 0:0:3,0.55,-0.29,-0.25,0.86,0.55,12.28
946684803, 2000/1/1 0:0:3,0.58,-0.19,-0.08,1.29,0.86,12.16
946684803, 2000/1/1 0:0:3,0.36,0.06,0.07,-0.43,-0.24,13.53
946684803, 2000/1/1 0:0:3,0.28,-0.10,0.02,-0.59,-0.27,13.49
946684803, 2000/1/1 0:0:3,0.52,-0.46,-0.12,0.78,0.63,12.83
946684803, 2000/1/1 0:0:3,0.30,-0.08,-0.02,0.04,0.39,13.89
946684803, 2000/1/1 0:0:3,0.24,-0.02,0.07,-0.12,0.12,13.77
946684803, 2000/1/1 0:0:3,0.21,-0.03,0.01,-0.51,0.39,13.89
946684803, 2000/1/1 0:0:3,0.20,-0.07,0.08,-0.67,-0.55,13.81
946684803, 2000/1/1 0:0:3,0.24,-0.15,-0.06,-0.39,-0.16,14.16
946684803, 2000/1/1 0:0:3,0.19,-0.32,-0.09,0.20,-0.20,13.93
946684803, 2000/1/1 0:0:3,0.19,-0.31,-0.08,0.51,-0.59,13.53
946684803, 2000/1/1 0:0:3,0.26,-0.05,-0.00,0.86,0.51,13.26
946684803, 2000/1/1 0:0:3,-0.14,0.02,0.02,-0.63,-0.04,14.55
946684803, 2000/1/1 0:0:3,-0.27,-0.45,0.01,-0.12,-0.16,13.57
946684803, 2000/1/1 0:0:3,-0.34,-0.62,-0.09,0.27,-0.20,12.83
946684803, 2000/1/1 0:0:3,-0.09,-0.43,-0.07,0.47,-0.39,12.08
946684803, 2000/1/1 0:0:3,0.19,-0.25,-0.01,0.00,-0.35,12.12
946684803, 2000/1/1 0:0:3,0.41,-0.28,-0.17,0.20,1.49,12.63
946684803, 2000/1/1 0:0:3,0.03,-0.37,-0.14,0.94,0.94,12.36
946684803, 2000/1/1 0:0:3,0.02,-0.42,0.09,1.10,0.31,11.38
946684803, 2000/1/1 0:0:3,0.17,-0.17,0.08,1.26,0.51,10.83
946684803, 2000/1/1 0:0:3,-0.03,0.22,-0.05,-0.08,0.35,11.81
946684803, 2000/1/1 0:0:3,0.04,0.07,-0.05,0.00,0.31,11.22
946684803, 2000/1/1 0:0:3,0.34,-0.21,-0.11,0.67,0.94,10.63
946684803, 2000/1/1 0:0:3,0.32,-0.02,-0.02,-0.08,1.22,11.73
946684803, 2000/1/1 0:0:3,0.16,-0.13,0.10,0.86,0.90,10.75
946684803, 2000/1/1 0:0:3,0.25,0.03,0.14,0.78,1.26,10.51
946684803, 2000/1/1 0:0:3,-0.06,0.26,-0.02,-0.59,0.94,11.57
946684803, 2000/1/1 0:0:3,-0.27,-0.03,-0.08,0.27,2.28,10.63
946684803, 2000/1/1 0:0:3,-0.67,-0.16,0.24,-0.27,1.02,11.18
946684803, 2000/1/1 0:0:3,-0.84,-0.32,0.29,0.20,0.78,10.24
946684803, 2000/1/1 0:0:3,-0.84,-0.18,0.30,0.31,0.24,9.34
946684803, 2000/1/1 0:0:3,-0.79,-0.09,0.18,-0.51,-0.08,9.85
946684803, 2000/1/1 0:0:3,-0.68,-0.39,0.05,0.55,0.55,8.98
946684803, 2000/1/1 0:0:3,-0.61,-0.53,-0.02,1.18,1.22,8.83
946684803, 2000/1/1 0:0:3,-0.54,-0.41,0.13,0.43,0.55,9.06
946684803, 2000/1/1 0:0:3,-0.24,-0.47,0.09,0.63,1.18,8.28
946684803, 2000/1/1 0:0:3,-0.25,-0.15,0.02,0.08,1.22,8.39
946684803, 2000/1/1 0:0:3,-0.41,0.03,0.02,-0.39,-0.04,8.75
946684803, 2000/1/1 0:0:3,-0.28,-0.13,-0.08,0.20,0.90,10.16
946684803, 2000/1/1 0:0:3,-0.20,-0.16,-0.18,-0.67,1.77,7.77
946684803, 2000/1/1 0:0:3,-0.35,0.02,-0.21,0.04,-0.16,7.02
946684803, 2000/1/1 0:0:3,0.06,0.43,-0.45,0.78,-0.31,6.08
946684803, 2000/1/1 0:0:3,-0.34,0.67,-0.29,-1.61,-0.82,7.30
946684803, 2000/1/1 0:0:3,-0.43,0.03,-0.08,-1.10,-1.57,6.47
946684803, 2000/1/1 0:0:3,-0.20,-0.21,-0.13,-0.59,-0.71,6.67
946684803, 2000/1/1 0:0:3,-0.14,0.38,-0.37,-0.55,-0.75,7.61
946684803, 2000/1/1 0:0:3,-0.16,0.44,-0.37,-1.29,-1.45,8.00
946684803, 2000/1/1 0:0:3,-0.04,0.13,-0.35,-1.06,-0.67,8.55
946684803, 2000/1/1 0:0:3,-0.20,-0.29,-0.09,-0.86,-0.31,8.39
946684803, 2000/1/1 0:0:3,-0.65,-0.31,0.02,-0.47,-0.63,7.41
946684803, 2000/1/1 0:0:3,-0.57,-0.10,-0.05,-0.04,-0.90,7.26
946684803, 2000/1/1 0:0:3,-0.40,-0.05,-0.05,-0.59,-1.73,7.73
946684803, 2000/1/1 0:0:3,-0.34,-0.37,0.00,0.51,-0.78,6.98
946684803, 2000/1/1 0:0:3,-0.41,-0.31,0.09,-0.04,-1.02,7.30
946684803, 2000/1/1 0:0:3,-0.44,-0.14,0.23,-0.86,-3.22,6.63
946684803, 2000/1/1 0:0:3,-0.10,-0.06,-0.02,-0.67,-2.90,7.22
946684803, 2000/1/1 0:0:3,-0.09,-0.05,-0.10,-0.59,-1.73,8.16
946684803, 2000/1/1 0:0:3,-0.15,-0.23,0.19,-0.90,-2.31,8.43
946684803, 2000/1/1 0:0:3,-0.28,-0.39,0.27,-0.86,-2.75,8.16
946684803, 2000/1/1 0:0:3,-0.40,-0.37,0.21,-0.27,-2.51,7.49
946684803, 2000/1/1 0:0:3,-0.32,-0.39,0.22,0.12,-3.53,6.59
946684803, 2000/1/1 0:0:3,-0.03,-0.40,0.20,-0.20,-3.14,6.94
946684803, 2000/1/1 0:0:3,-0.11,-0.15,0.12,-0.31,-2.35,7.30
946684803, 2000/1/1 0:0:3,-0.13,-0.09,0.19,-0.59,-2.04,7.65
946684803, 2000/1/1 0:0:3,-0.02,-0.20,0.24,0.51,-1.57,7.22
946684803, 2000/1/1 0:0:3,0.09,-0.17,0.35,-0.35,-2.55,7.37
946684803, 2000/1/1 0:0:3,0.37,-0.20,0.28,0.16,-2.59,7.06
946684803, 2000/1/1 0:0:3,0.36,0.00,0.15,-1.02,-2.08,8.43
946684803, 2000/1/1 0:0:3,0.46,-0.19,0.23,0.08,-1.41,7.41
946684803, 2000/1/1 0:0:3,0.55,-0.15,0.23,0.24,-1.41,7.41
946684803, 2000/1/1 0:0:3,0.57,-0.02,0.16,-1.06,-1.88,8.20
946684803, 2000/1/1 0:0:3,0.59,-0.12,0.14,0.24,-1.41,7.34
946684803, 2000/1/1 0:0:3,0.52,0.14,0.13,-0.75,-1.06,8.51
946684803, 2000/1/1 0:0:3,0.73,0.03,0.15,-0.71,-0.67,8.47
946684803, 2000/1/1 0:0:3,0.88,-0.23,0.16,-0.51,-0.71,8.71
946684803, 2000/1/1 0:0:3,0.75,-0.06,0.05,-0.08,-0.04,9.14
946684803, 2000/1/1 0:0:3,0.76,0.05,0.02,-0.39,-0.55,9.53
946684803, 2000/1/1 0:0:3,0.91,0.08,-0.02,-1.37,-0.55,9.92
946684803, 2000/1/1 0:0:3,0.72,-0.03,-0.09,-0.63,0.59,9.14
946684803, 2000/1/1 0:0:3,0.82,0.07,0.15,-1.53,-0.24,9.14
946684803, 2000/1/1 0:0:3,0.75,-0.01,0.07,-1.49,-0.04,9.10
946684803, 2000/1/1 0:0:3,0.70,-0.13,-0.14,-0.98,0.16,9.77
946684803, 2000/1/1 0:0:3,0.96,-0.52,-0.30,-0.04,1.77,8.63
946684803, 2000/1/1 0:0:3,0.76,-0.19,-0.03,-0.47,1.18,8.71
946684803, 2000/1/1 0:0:3,0.45,0.10,0.09,-0.67,0.94,8.67
946684803, 2000/1/1 0:0:3,0.41,0.06,0.07,-0.31,0.67,8.63
946684803, 2000/1/1 0:0:3,0.83,-0.20,-0.03,-0.43,0.12,8.55
946684803, 2000/1/1 0:0:3,1.09,-0.17,-0.11,-0.27,1.26,8.51
946684803, 2000/1/1 0:0:3,0.82,0.13,-0.05,-1.33,1.80,9.18
946684803, 2000/1/1 0:0:3,0.58,0.03,0.03,-0.82,1.96,8.87
946684803, 2000/1/1 0:0:3,0.68,-0.22,-0.10,-0.67,1.84,8.83
946684803, 2000/1/1 0:0:3,0.92,-0.28,-0.08,-0.47,2.43,8.39
946684803, 2000/1/1 0:0:3,0.88,-0.17,-0.14,-0.51,2.94,8.55
946684803, 2000/1/1 0:0:3,0.92,-0.05,-0.01,-1.26,2.90,9.06
946684803, 2000/1/1 0:0:3,0.63,-0.19,-0.10,-0.71,2.90,9.06
946684803, 2000/1/1 0:0:3,0.59,-0.19,-0.12,-0.67,2.94,9.30
946684803, 2000/1/1 0:0:3,1.17,0.03,-0.08,-0.86,3.30,9.65
946684803, 2000/1/1 0:0:3,1.34,0.22,-0.13,-1.45,3.65,10.28
946684803, 2000/1/1 0:0:3,1.10,0.14,-0.24,-1.73,4.31,11.61
946684803, 2000/1/1 0:0:3,0.96,-0.39,-0.29,-0.27,4.98,10.90
946684803, 2000/1/1 0:0:3,0.96,-0.04,-0.00,-0.24,4.47,10.71
946684803, 2000/1/1 0:0:3,0.86,0.31,0.06,-2.12,3.49,12.55
946684803, 2000/1/1 0:0:3,1.11,0.10,-0.09,-2.12,4.24,12.24
946684803, 2000/1/1 0:0:3,1.30,-0.15,-0.29,-1.18,5.18,12.12
946684803, 2000/1/1 0:0:3,1.14,-0.09,-0.51,0.04,5.77,12.51
946684803, 2000/1/1 0:0:3,1.23,0.05,-0.33,-0.71,5.81,12.94
946684803, 2000/1/1 0:0:3,0.97,0.31,0.04,-1.33,4.90,13.22
946684803, 2000/1/1 0:0:3,0.89,0.14,-0.03,-1.96,4.82,13.45
946684803, 2000/1/1 0:0:3,0.88,-0.31,-0.14,-1.14,4.67,12.28
946684803, 2000/1/1 0:0:3,0.89,-0.40,-0.21,-0.63,5.30,11.89
946684803, 2000/1/1 0:0:3,0.74,-0.23,-0.16,-1.06,6.20,12.24
946684803, 2000/1/1 0:0:3,0.48,-0.14,-0.12,-1.14,5.26,12.98
946684803, 2000/1/1 0:0:3,0.47,-0.26,-0.16,-0.86,5.77,12.79
946684803, 2000/1/1 0:0:3,0.37,-0.38,-0.10,-0.82,5.41,12.36
946684803, 2000/1/1 0:0:3,0.35,-0.44,-0.03,-1.26,5.30,11.34
946684803, 2000/1/1 0:0:3,0.25,-0.45,-0.12,-0.71,5.81,11.34
946684803, 2000/1/1 0:0:3,0.10,-0.26,-0.07,-0.35,5.02,11.73
946684803, 2000/1/1 0:0:3,0.07,-0.20,0.04,-0.94,4.90,11.73
946684803, 2000/1/1 0:0:3,-0.06,-0.23,0.00,-1.06,5.26,11.61
946684803, 2000/1/1 0:0:3,-0.16,-0.37,-0.08,-0.98,4.86,11.73
946684803, 2000/1/1 0:0:3,-0.09,-0.46,-0.07,0.67,5.49,11.26
946684803, 2000/1/1 0:0:3,-0.15,-0.12,0.05,0.24,4.86,12.12
946684803, 2000/1/1 0:0:3,-0.29,-0.05,0.10,-0.82,5.45,12.87
946684803, 2000/1/1 0:0:3,-0.61,-0.38,0.10,-0.67,5.45,12.75
946684803, 2000/1/1 0:0:3,-0.76,-0.53,0.09,-0.47,5.22,12.59
946684803, 2000/1/1 0:0:3,-0.83,-0.58,0.03,-0.08,5.10,12.12
946684803, 2000/1/1 0:0:3,-0.99,-0.51,0.14,0.39,5.10,11.53
946684803, 2000/1/1 0:0:3,-1.07,-0.27,0.32,-0.24,4.79,11.96
946684803, 2000/1/1 0:0:3,-1.08,-0.28,0.32,-1.22,4.63,12.67
946684803, 2000/1/1 0:0:3,-1.03,-0.54,0.17,-0.39,5.41,12.16
946684803, 2000/1/1 0:0:3,-0.95,-0.62,0.23,-0.04,5.30,11.92
946684803, 2000/1/1 0:0:3,-1.12,-0.51,0.34,0.20,4.98,11.41
946684803, 2000/1/1 0:0:3,-1.22,-0.45,0.43,-0.16,3.61,11.57
946684803, 2000/1/1 0:0:3,-1.03,-0.53,0.34,-0.35,3.77,10.83
946684803, 2000/1/1 0:0:3,-1.02,-0.52,0.22,0.04,3.53,10.59
946684803, 2000/1/1 0:0:3,-0.78,-0.48,0.18,0.98,3.84,10.28
946684803, 2000/1/1 0:0:3,-0.74,-0.24,0.23,0.59,4.43,10.67
946684803, 2000/1/1 0:0:3,-1.10,-0.34,0.43,-0.43,2.63,10.87
946684803, 2000/1/1 0:0:3,-1.01,-0.50,0.40,0.31,2.20,9.38
946684803, 2000/1/1 0:0:3,-0.66,-0.25,0.33,0.27,2.24,9.26
946684803, 2000/1/1 0:0:3,-0.54,-0.15,0.25,-0.86,2.24,9.81
946684803, 2000/1/1 0:0:3,-0.72,-0.34,0.16,-0.43,2.71,9.22
946684803, 2000/1/1 0:0:3,-0.96,-0.35,0.22,-0.04,2.20,8.47
946684803, 2000/1/1 0:0:3,-0.97,-0.13,0.27,0.27,1.88,7.96
946684803, 2000/1/1 0:0:3,-0.91,0.15,0.29,0.67,1.37,7.81
946684803, 2000/1/1 0:0:3,-0.85,0.36,0.15,-0.24,1.92,8.32
946684803, 2000/1/1 0:0:3,-1.02,0.11,0.10,-0.24,2.35,7.96
946684803, 2000/1/1 0:0:3,-1.34,-0.14,0.19,-0.67,2.00,7.34
946684803, 2000/1/1 0:0:3,-1.33,-0.32,0.29,-0.12,0.39,5.81
946684803, 2000/1/1 0:0:3,-0.97,-0.22,0.16,-0.55,0.43,5.14
946684803, 2000/1/1 0:0:3,-0.93,-0.10,-0.02,-0.75,0.35,4.86
946684803, 2000/1/1 0:0:3,-1.12,-0.22,0.03,-0.86,0.20,4.39
946684803, 2000/1/1 0:0:3,-1.22,-0.31,0.05,-1.18,0.24,3.80
946684803, 2000/1/1 0:0:3,-0.91,-0.22,0.23,-0.94,-1.80,2.71
946684803, 2000/1/1 0:0:3,-0.55,-0.08,0.08,-0.98,-1.96,2.86
946684803, 2000/1/1 0:0:3,-0.24,-0.05,-0.02,-0.63,-1.69,3.61
946684803, 2000/1/1 0:0:3,-0.01,-0.08,-0.03,-0.24,-1.73,4.51
946684803, 2000/1/1 0:0:3,0.25,-0.13,-0.01,0.00,-1.77,5.41
946684803, 2000/1/1 0:0:3,0.51,-0.03,-0.01,-0.04,-1.88,6.24
946684803, 2000/1/1 0:0:3,0.71,-0.10,-0.07,0.71,-1.49,6.79
946684803, 2000/1/1 0:0:3,0.86,-0.07,-0.04,0.67,-1.29,7.81
946684803, 2000/1/1 0:0:3,0.94,-0.09,-0.00,0.90,-0.98,8.36
946684803, 2000/1/1 0:0:3,1.05,-0.04,0.02,0.59,-0.47,9.14
946684803, 2000/1/1 0:0:3,1.08,-0.10,0.08,0.31,-0.20,9.85
946684803, 2000/1/1 0:0:3,1.00,-0.13,0.11,0.51,0.04,9.89
946684803, 2000/1/1 0:0:3,0.84,-0.06,0.15,0.20,-0.24,10.63
946684803, 2000/1/1 0:0:3,0.72,-0.05,0.17,-0.20,-0.59,11.77
946684803, 2000/1/1 0:0:3,0.91,-0.09,0.17,-1.84,-0.71,12.59
946684803, 2000/1/1 0:0:3,0.84,-0.17,0.04,-2.59,-0.63,12.36
946684803, 2000/1/1 0:0:3,0.58,-0.22,-0.15,-2.16,-0.39,10.90
946684803, 2000/1/1 0:0:3,0.46,-0.29,-0.32,-0.59,-0.16,10.59
946684803, 2000/1/1 0:0:3,0.54,-0.09,-0.36,-1.41,-0.39,11.41
946684803, 2000/1/1 0:0:3,0.51,-0.14,-0.28,-2.82,-0.55,12.00
946684803, 2000/1/1 0:0:3,0.40,-0.22,-0.39,-3.69,0.04,11.30
946684803, 2000/1/1 0:0:3,0.15,-0.15,-0.58,-3.53,0.27,10.24
946684803, 2000/1/1 0:0:3,0.12,-0.18,-0.84,-1.45,0.82,8.59
946684803, 2000/1/1 0:0:3,0.25,0.11,-0.84,-1.18,0.31,8.47
946684803, 2000/1/1 0:0:3,0.30,0.19,-0.81,-1.57,0.27,8.39
946684803, 2000/1/1 0:0:3,0.29,0.30,-0.82,-2.67,0.16,7.06
946684803, 2000/1/1 0:0:3,0.39,0.32,-1.00,-1.06,1.77,5.18
946684803, 2000/1/1 0:0:3,0.90,0.67,-1.22,1.37,2.16,4.86
946684803, 2000/1/1 0:0:3,1.20,1.04,-1.11,1.14,2.59,7.14
946684803, 2000/1/1 0:0:3,1.21,1.30,-0.97,0.47,2.59,8.51
946684803, 2000/1/1 0:0:3,1.21,1.44,-0.94,0.35,3.37,9.77
946684803, 2000/1/1 0:0:3,1.27,1.24,-0.63,1.26,3.33,10.32
946684803, 2000/1/1 0:0:3,1.39,1.01,-0.65,3.30,4.79,10.67
946684803, 2000/1/1 0:0:3,1.43,1.06,-0.52,3.37,5.92,12.36
946684803, 2000/1/1 0:0:3,0.94,1.14,-0.12,2.24,5.06,13.14
946684803, 2000/1/1 0:0:3,0.67,0.50,0.43,2.39,5.26,12.87
946684803, 2000/1/1 0:0:3,0.65,0.18,0.79,2.67,4.98,11.96
946684803, 2000/1/1 0:0:3,0.50,0.12,0.96,2.67,5.30,10.98
946684803, 2000/1/1 0:0:3,0.60,0.17,1.07,2.79,6.47,10.79
946684803, 2000/1/1 0:0:3,0.50,0.43,1.33,1.02,6.08,11.77
946684803, 2000/1/1 0:0:3,0.29,0.19,1.72,0.24,6.20,11.38
946684803, 2000/1/1 0:0:3,0.19,0.18,1.86,0.20,6.43,11.22
946684803, 2000/1/1 0:0:3,0.06,0.30,1.93,-0.71,7.18,11.57
946684803, 2000/1/1 0:0:3,-0.06,0.25,2.13,-1.69,7.45,11.41
946684803, 2000/1/1 0:0:3,-0.18,0.17,2.30,-2.04,6.90,11.34
946684803, 2000/1/1 0:0:3,-0.21,0.32,2.33,-2.55,6.67,11.49
946684803, 2000/1/1 0:0:3,-0.31,0.42,2.34,-4.35,6.47,12.83
946684803, 2000/1/1 0:0:3,-0.41,0.27,2.28,-4.31,6.47,13.06
946684803, 2000/1/1 0:0:3,-0.71,0.41,2.19,-5.06,5.84,14.36
946684803, 2000/1/1 0:0:3,-1.01,0.25,2.04,-5.73,5.88,14.47
946684803, 2000/1/1 0:0:3,-1.31,0.14,1.93,-5.53,5.73,13.93
946684803, 2000/1/1 0:0:3,-1.53,0.11,1.77,-6.00,5.02,14.28
946684803, 2000/1/1 0:0:3,-1.63,-0.21,1.62,-5.22,5.33,12.83
946684803, 2000/1/1 0:0:3,-2.00,-0.08,1.45,-6.43,4.28,13.38
946684803, 2000/1/1 0:0:3,-1.96,-0.35,1.20,-6.71,4.31,13.26
946684803, 2000/1/1 0:0:3,-1.98,-0.52,0.88,-4.51,4.39,11.65
946684803, 2000/1/1 0:0:3,-2.20,-0.27,0.75,-5.18,4.16,11.85
946684803, 2000/1/1 0:0:3,-2.31,-0.29,0.75,-6.12,2.51,12.16
946684803, 2000/1/1 0:0:3,-2.27,-0.51,0.64,-7.14,2.00,12.32
946684803, 2000/1/1 0:0:3,-2.13,-1.03,0.37,-5.06,2.71,10.79
946684803, 2000/1/1 0:0:3,-2.35,-0.87,0.02,-4.16,3.14,10.12
946684803, 2000/1/1 0:0:3,-2.71,-0.44,-0.01,-4.94,1.77,9.26
946684803, 2000/1/1 0:0:3,-2.82,-0.41,-0.04,-6.04,0.16,9.10
946684803, 2000/1/1 0:0:3,-2.60,-0.61,-0.28,-5.69,-0.67,8.24
946684803, 2000/1/1 0:0:3,-2.35,-0.66,-0.61,-3.61,-0.31,6.63
946684803, 2000/1/1 0:0:3,-2.42,-0.30,-0.71,-3.22,-0.39,5.81
946684803, 2000/1/1 0:0:3,-2.38,-0.09,-0.77,-3.49,-1.65,5.22
946684803, 2000/1/1 0:0:3,-2.17,0.09,-0.93,-3.77,-1.65,5.41
946684803, 2000/1/1 0:0:3,-1.99,0.02,-1.03,-4.12,-2.24,5.33
946684803, 2000/1/1 0:0:3,-1.96,-0.17,-1.18,-3.49,-2.51,4.20
946684803, 2000/1/1 0:0:3,-1.84,0.12,-1.29,-2.82,-2.82,3.22
946684803, 2000/1/1 0:0:3,-1.73,0.40,-1.37,-2.98,-3.57,3.18
946684803, 2000/1/1 0:0:3,-1.50,0.44,-1.57,-2.31,-3.10,2.82
946684803, 2000/1/1 0:0:3,-1.26,0.62,-1.67,-1.65,-3.22,3.22
946684803, 2000/1/1 0:0:3,-1.25,0.82,-1.64,-1.77,-4.08,2.79
946684803, 2000/1/1 0:0:3,-1.08,0.88,-1.71,-1.06,-4.28,2.28
946684803, 2000/1/1 0:0:3,-0.61,0.96,-1.84,-0.12,-3.37,2.28
946684803, 2000/1/1 0:0:3,-0.39,1.31,-1.86,0.00,-4.00,3.10
946684803, 2000/1/1 0:0:3,-0.26,1.36,-1.84,0.90,-4.31,2.86
946684803, 2000/1/1 0:0:3,-0.04,1.28,-1.79,0.78,-4.00,2.51
946684803, 2000/1/1 0:0:3,0.46,1.30,-1.80,1.49,-4.08,2.90
946684803, 2000/1/1 0:0:3,0.71,1.37,-1.90,3.10,-3.14,3.41
946684803, 2000/1/1 0:0:3,1.05,1.51,-1.81,3.53,-1.37,4.51
946684803, 2000/1/1 0:0:3,1.14,1.62,-1.51,4.24,-1.22,4.79
946684803, 2000/1/1 0:0:3,1.03,1.69,-1.20,2.98,-2.47,5.81
946684803, 2000/1/1 0:0:3,1.26,1.37,-1.05,1.96,-1.80,5.88
946684803, 2000/1/1 0:0:3,1.63,1.09,-1.14,4.04,-1.80,5.92
946684803, 2000/1/1 0:0:3,1.83,1.26,-1.05,6.28,0.20,7.49
946684803, 2000/1/1 0:0:3,1.75,1.38,-0.53,5.37,0.20,8.79
946684803, 2000/1/1 0:0:3,1.78,1.03,-0.12,4.82,-0.55,8.90
946684803, 2000/1/1 0:0:3,1.77,0.75,0.03,5.22,-0.78,9.65
946684803, 2000/1/1 0:0:3,2.09,0.43,-0.04,7.61,0.20,10.59
946684803, 2000/1/1 0:0:3,2.19,0.23,0.23,7.10,0.59,11.45
946684803, 2000/1/1 0:0:3,1.88,-0.01,0.69,5.92,0.94,11.30
946684803, 2000/1/1 0:0:3,1.80,-0.42,1.03,5.77,0.75,11.10
946684803, 2000/1/1 0:0:3,1.96,-0.67,1.15,6.63,1.69,11.06
946684803, 2000/1/1 0:0:3,2.07,-0.82,1.47,4.51,1.65,12.40
946684803, 2000/1/1 0:0:3,1.95,-1.30,1.72,5.49,1.84,10.51
946684803, 2000/1/1 0:0:3,1.83,-0.96,1.83,4.94,2.67,11.14
946684803, 2000/1/1 0:0:3,1.87,-0.41,1.96,2.43,3.14,12.24
946684803, 2000/1/1 0:0:3,1.79,-0.61,2.19,2.67,3.02,11.92
946684803, 2000/1/1 0:0:3,1.89,-0.65,2.30,2.51,3.80,11.45
946684803, 2000/1/1 0:0:3,1.81,-0.43,2.62,0.20,2.90,12.12
946684803, 2000/1/1 0:0:3,1.72,-0.39,2.65,-1.69,2.86,12.00
946684803, 2000/1/1 0:0:3,1.61,-0.44,2.47,-1.80,3.73,11.02
946684803, 2000/1/1 0:0:3,1.67,-0.39,2.27,-2.00,4.47,9.65
946684803, 2000/1/1 0:0:3,1.78,-0.47,2.21,-2.98,3.77,8.98
946684803, 2000/1/1 0:0:3,2.03,-0.54,1.95,-3.02,5.26,8.24
946684803, 2000/1/1 0:0:3,2.05,-0.07,1.83,-4.90,5.26,7.81
946684803, 2000/1/1 0:0:3,2.07,0.19,1.72,-6.51,4.20,7.61
946684803, 2000/1/1 0:0:3,2.24,0.16,1.26,-6.55,5.02,7.53
946684803, 2000/1/1 0:0:3,2.46,0.20,0.78,-6.94,6.83,8.94
946684803, 2000/1/1 0:0:3,2.33,0.51,0.27,-7.65,6.98,9.77
946684803, 2000/1/1 0:0:3,2.22,0.24,0.05,-7.61,6.75,9.73
946684803, 2000/1/1 0:0:3,2.14,0.00,-0.23,-7.45,6.55,8.90
946684803, 2000/1/1 0:0:3,2.10,0.07,-0.59,-7.41,7.41,9.49
946684803, 2000/1/1 0:0:3,2.10,0.45,-1.00,-7.88,8.08,11.14
946684803, 2000/1/1 0:0:3,2.16,0.64,-1.51,-7.61,9.77,13.89
946684803, 2000/1/1 0:0:3,2.18,0.27,-1.82,-7.02,10.67,14.51
946684803, 2000/1/1 0:0:3,1.86,-0.04,-2.06,-6.35,10.63,14.79
946684803, 2000/1/1 0:0:3,1.07,-0.26,-2.32,-5.96,10.43,13.81
946684803, 2000/1/1 0:0:3,0.52,-0.25,-2.41,-7.37,8.67,14.20
946684803, 2000/1/1 0:0:3,0.58,-0.77,-2.68,-5.33,9.45,12.43
946684803, 2000/1/1 0:0:3,0.52,-0.64,-2.90,-4.51,10.24,12.28
946684803, 2000/1/1 0:0:3,0.32,-0.21,-2.91,-4.98,10.20,13.57
946684803, 2000/1/1 0:0:3,-0.18,-0.26,-2.96,-4.86,10.04,13.42
946684803, 2000/1/1 0:0:3,-0.38,-0.42,-3.03,-4.35,10.47,13.65
946684803, 2000/1/1 0:0:3,-0.56,-0.62,-2.97,-3.92,10.04,13.18
946684803, 2000/1/1 0:0:3,-0.77,-0.65,-2.87,-2.94,10.16,12.59
946684803, 2000/1/1 0:0:3,-1.19,-0.53,-2.73,-2.24,9.49,11.65
946684803, 2000/1/1 0:0:3,-1.39,-0.55,-2.62,-1.77,9.02,11.41
946684803, 2000/1/1 0:0:3,-1.31,-0.59,-2.41,-0.55,8.94,10.94
946684803, 2000/1/1 0:0:3,-1.41,-0.33,-2.23,-0.59,8.87,11.22
946684803, 2000/1/1 0:0:3,-1.54,-0.28,-1.98,-0.82,7.53,11.73
946684803, 2000/1/1 0:0:3,-1.58,-0.83,-1.75,0.08,7.37,10.71
946684803, 2000/1/1 0:0:3,-1.63,-0.99,-1.57,1.37,7.37,10.59
946684803, 2000/1/1 0:0:3,-1.66,-0.95,-1.16,1.84,7.45,10.47
946684803, 2000/1/1 0:0:3,-1.77,-0.77,-0.58,1.80,7.18,10.32
946684803, 2000/1/1 0:0:3,-1.81,-0.85,-0.26,0.55,6.08,10.51
946684803, 2000/1/1 0:0:3,-1.88,-1.36,-0.04,0.82,5.41,9.69
946684803, 2000/1/1 0:0:3,-1.91,-1.82,0.15,1.29,5.02,8.83
946684803, 2000/1/1 0:0:3,-1.94,-1.97,0.38,1.18,5.10,8.43
946684803, 2000/1/1 0:0:3,-1.87,-2.00,0.85,0.08,4.04,7.96
946684803, 2000/1/1 0:0:3,-1.69,-2.10,1.04,-0.12,3.69,7.53
946684803, 2000/1/1 0:0:3,-1.53,-2.17,1.17,-0.24,2.75,7.02
946684803, 2000/1/1 0:0:3,-1.25,-2.14,1.27,-0.20,2.59,7.02
946684803, 2000/1/1 0:0:3,-1.04,-1.99,1.40,-0.86,2.67,7.34
946684803, 2000/1/1 0:0:3,-0.89,-2.07,1.53,-1.88,2.12,7.57
946684803, 2000/1/1 0:0:3,-0.67,-2.18,1.66,-2.67,1.69,7.65
946684803, 2000/1/1 0:0:3,-0.49,-2.17,1.66,-2.71,1.84,7.34
946684803, 2000/1/1 0:0:3,-0.44,-2.09,1.63,-1.96,1.26,7.02
946684803, 2000/1/1 0:0:3,-0.37,-1.58,1.70,-2.39,-0.08,7.37
946684803, 2000/1/1 0:0:3,-0.29,-1.41,1.63,-4.12,-1.37,7.61
946684803, 2000/1/1 0:0:3,-0.01,-1.38,1.55,-4.67,-2.08,7.49
946684803, 2000/1/1 0:0:3,0.17,-1.23,1.31,-4.67,-2.94,7.88
946684803, 2000/1/1 0:0:3,0.27,-1.11,1.06,-3.84,-2.20,8.00
946684803, 2000/1/1 0:0:3,0.39,-0.85,0.96,-3.73,-2.55,8.43
946684803, 2000/1/1 0:0:3,0.27,-0.68,0.82,-3.57,-2.59,8.71
946684803, 2000/1/1 0:0:3,0.25,-0.47,0.76,-3.22,-2.59,9.49
946684803, 2000/1/1 0:0:3,0.23,-0.25,0.57,-1.41,-1.22,9.10
946684803, 2000/1/1 0:0:3,0.12,0.24,0.53,-2.04,-1.49,10.20
946684803, 2000/1/1 0:0:3,0.01,0.22,0.56,-2.39,-1.80,10.59
946684803, 2000/1/1 0:0:3,-0.21,-0.14,0.61,-1.22,-2.51,8.98
946684803, 2000/1/1 0:0:3,-0.28,-0.09,0.48,-0.82,-2.71,8.59
946684803, 2000/1/1 0:0:3,0.00,0.07,0.27,0.00,-1.10,8.94
946684803, 2000/1/1 0:0:3,-0.16,0.30,0.28,0.82,1.06,8.98
946684803, 2000/1/1 0:0:3,-0.58,0.48,0.67,0.04,0.98,9.69
946684803, 2000/1/1 0:0:3,-0.60,0.27,1.08,-0.86,0.55,9.30
946684803, 2000/1/1 0:0:3,-0.81,0.21,1.07,-0.51,2.51,8.87
946684803, 2000/1/1 0:0:3,-1.44,0.34,1.15,-0.04,1.92,9.49
946684803, 2000/1/1 0:0:3,-1.80,-0.27,1.55,1.69,1.49,7.69
946684803, 2000/1/1 0:0:3,-1.56,-0.56,2.20,-1.22,-1.96,7.96
946684803, 2000/1/1 0:0:3,-0.77,-0.16,2.19,-2.43,-2.24,8.47
946684803, 2000/1/1 0:0:3,-0.78,-0.23,1.77,-1.18,-2.51,9.18
946684803, 2000/1/1 0:0:3,-0.38,-0.73,1.76,-0.63,-2.00,9.10
946684803, 2000/1/1 0:0:3,0.01,-1.13,1.95,-0.35,-2.31,7.92
946684803, 2000/1/1 0:0:3,-0.08,-0.69,1.94,-0.94,-3.57,8.32
946684803, 2000/1/1 0:0:3,0.31,-0.61,1.97,-2.47,-3.96,8.63
946684803, 2000/1/1 0:0:3,0.45,-0.37,2.09,-3.96,-5.65,9.85
946684803, 2000/1/1 0:0:3,0.43,-0.40,1.69,-3.84,-5.57,10.28
946684803, 2000/1/1 0:0:3,0.47,-0.87,1.32,-1.80,-5.45,9.06
946684803, 2000/1/1 0:0:3,0.62,-0.85,1.13,-1.02,-3.80,9.14
946684803, 2000/1/1 0:0:3,0.52,-0.41,1.53,-3.57,-4.00,9.92
946684803, 2000/1/1 0:0:3,0.06,-0.18,1.66,-5.37,-8.32,11.57
946684803, 2000/1/1 0:0:3,0.50,-0.69,0.76,-2.47,-5.77,9.22
946684803, 2000/1/1 0:0:3,0.59,-0.40,0.19,-1.18,-4.04,9.22
946684803, 2000/1/1 0:0:3,0.22,-0.12,1.17,-0.04,-2.39,8.98
946684803, 2000/1/1 0:0:3,-0.04,0.23,1.30,-2.00,-4.39,10.79
946684803, 2000/1/1 0:0:3,0.27,-0.26,1.16,-0.75,-3.73,10.12
946684803, 2000/1/1 0:0:3,0.21,-0.32,1.14,-0.39,-3.57,10.04
946684803, 2000/1/1 0:0:3,0.04,-0.24,1.25,-1.84,-3.73,10.08
946684803, 2000/1/1 0:0:3,-0.13,-0.26,1.32,-3.30,-5.37,10.67
946684803, 2000/1/1 0:0:3,-0.14,-0.71,0.69,-2.90,-4.94,10.24
946684803, 2000/1/1 0:0:3,-0.03,-0.95,0.47,-1.49,-3.77,8.94
946684803, 2000/1/1 0:0:3,-0.14,-0.75,0.50,-1.26,-3.65,8.83
946684803, 2000/1/1 0:0:3,-0.20,-0.31,0.72,-1.45,-3.80,9.53
946684803, 2000/1/1 0:0:3,-0.25,-0.24,0.78,-2.47,-4.39,8.51
946684803, 2000/1/1 0:0:3,-0.55,-0.26,0.95,-2.12,-5.61,9.06
946684803, 2000/1/1 0:0:3,-0.18,-0.28,0.80,-1.65,-4.94,8.63
946684803, 2000/1/1 0:0:3,0.05,-0.29,0.61,-0.94,-3.80,8.36
946684803, 2000/1/1 0:0:3,0.08,-0.26,0.65,-1.53,-3.53,9.38
946684803, 2000/1/1 0:0:3,0.08,-0.45,0.74,-1.49,-4.00,9.89
946684803, 2000/1/1 0:0:3,0.03,-0.48,0.54,-0.59,-3.57,9.65
946684803, 2000/1/1 0:0:3,-0.13,-0.46,0.49,-0.12,-3.57,8.87
946684803, 2000/1/1 0:0:3,-0.06,-0.34,0.44,-1.18,-4.08,9.10
946684803, 2000/1/1 0:0:3,0.27,-0.58,0.35,-1.26,-3.65,8.63
946684803, 2000/1/1 0:0:3,0.31,-0.58,0.34,-0.90,-3.14,7.77
946684803, 2000/1/1 0:0:3,-0.01,-0.27,0.70,-0.67,-2.98,8.75
946684803, 2000/1/1 0:0:3,-0.29,-0.23,0.61,-1.45,-2.28,9.81
946684803, 2000/1/1 0:0:3,-0.45,-0.56,0.56,-0.35,-3.14,10.24
946684803, 2000/1/1 0:0:3,0.05,-0.30,0.68,0.35,-5.61,8.12
946684803, 2000/1/1 0:0:3,0.66,-0.17,0.23,-0.20,-2.04,8.20
946684803, 2000/1/1 0:0:3,0.11,0.13,0.36,-3.53,-3.22,9.53
946684803, 2000/1/1 0:0:3,0.41,-0.21,0.34,-1.18,-3.41,10.32
946684803, 2000/1/1 0:0:3,0.18,-0.51,0.29,-1.77,-6.08,7.92
946684803, 2000/1/1 0:0:3,0.32,-0.91,0.08,0.16,-3.30,9.73
946684803, 2000/1/1 0:0:3,0.27,-0.80,-0.12,-0.27,0.12,8.67
946684803, 2000/1/1 0:0:3,0.34,-0.33,0.01,-2.90,-2.71,10.16
946684803, 2000/1/1 0:0:3,0.49,-0.44,0.08,-0.82,-2.82,9.65
946684803, 2000/1/1 0:0:3,0.01,0.06,0.11,0.20,-4.16,7.92
946684803, 2000/1/1 0:0:3,-0.24,0.13,-0.09,0.16,-3.30,8.24
946684803, 2000/1/1 0:0:3,-0.16,0.07,-0.09,-1.92,1.73,7.37
946684803, 2000/1/1 0:0:3,0.07,-0.21,0.05,0.08,-2.79,9.81
946684803, 2000/1/1 0:0:3,0.35,-0.48,0.01,-0.47,-2.47,8.87
946684803, 2000/1/1 0:0:3,0.21,-0.28,-0.01,-0.24,-2.16,8.55
